County Name,County Number,District Abbreviation,District Name,Square Miles,Statewide Percent of Square Miles,Per Capita Square Miles,Registered Vehicles,Statewide Percent of Registered Vehicles,Per Capita Registered Vehicles,Population Estimate**,Statewide Percent of Population Estimate**, Daily Vehicle Miles* ,Statewide Percent of Daily Vehicle Miles*,Per Capita Daily Vehicle Miles*,Center Line Miles*,Statewide Percent of Center Line Miles*,Per Capita Center Line Miles*, Lane Miles* ,Statewide Percent of Lane Miles*,Per Capita Lane Miles*, Construction Expenditures ,Statewide Percent of Construction Expenditures,Per Capita Construction Expenditures, Non-Contract Maintenance Expenditures ,Statewide Percent of Non-Contract Maintenance Expenditures,Per Capita Non-Contract Maintenance Expenditures,Contract Maintenance Expenditures,Statewide Percent of Contract Maintenance Expenditures,Per Capita Contract Maintenance Expenditures,Combined Construction & Maintenance Expenditures,Statewide Percent of Combined Construction & Maintenance Expenditures,Per Capita Combined Construction & Maintenance Expenditures,,
Anderson,1,TYL,Tyler,"1,063 ",0.41%,0.02 ,"51,329",0.19%,0.85 ,"60,303",0.19%,"1,257,960.190",0.20%,20.861 ,443.990,0.55%,0.007 ,"1,013.180",0.50%,0.017 ,"$15,687,323",0.13%,$260 ,"$3,588,549",0.59%,$60 ,"$5,217,074",0.13%,$87 ,"$24,492,947",0.15%,$406 ,,
Andrews,2,ODA,Odessa,"1,501 ",0.57%,0.08 ,"24,950",0.09%,1.26 ,"19,823",0.06%,"917,271.504",0.15%,46.273 ,242.710,0.30%,0.012 ,556.136,0.28%,0.028 ,"$17,590,381",0.15%,$887 ,"$1,032,209",0.17%,$52 ,"$14,243,846",0.35%,$719 ,"$32,866,436",0.20%,"$1,658 ",,
Angelina,3,LFK,Lufkin,798 ,0.31%,0.01 ,"85,602",0.32%,0.98 ,"87,492",0.28%,"2,154,617.346",0.35%,24.626 ,380.194,0.47%,0.004 ,989.083,0.49%,0.011 ,"$63,504,127",0.53%,$726 ,"$4,283,559",0.71%,$49 ,"$30,864,001",0.77%,$353 ,"$98,651,687",0.59%,"$1,128 ",,
Aransas,4,CRP,Corpus Christi,252 ,0.10%,0.01 ,"30,131",0.11%,1.16 ,"25,943",0.08%,"566,097.156",0.09%,21.821 ,81.570,0.10%,0.003 ,231.225,0.11%,0.009 ,"$9,875,023",0.08%,$381 ,"$971,751",0.16%,$37 ,"$1,159,892",0.03%,$45 ,"$12,006,665",0.07%,$463 ,,
Archer,5,WFS,Wichita Falls,903 ,0.35%,0.10 ,"12,662",0.05%,1.41 ,"8,976",0.03%,"440,228.997",0.07%,49.045 ,263.989,0.33%,0.029 ,579.716,0.29%,0.065 ,"$2,907,865",0.02%,$324 ,"$2,590,818",0.43%,$289 ,"$5,529,469",0.14%,$616 ,"$11,028,152",0.07%,"$1,229 ",,
Armstrong,6,AMA,Amarillo,909 ,0.35%,0.50 ,"2,756",0.01%,1.53 ,"1,806",0.01%,"414,560.405",0.07%,229.546 ,153.915,0.19%,0.085 ,378.654,0.19%,0.210 ,"$3,070,109",0.03%,"$1,700 ","$2,182,069",0.36%,"$1,208 ","$351,669",0.01%,$195 ,"$5,603,847",0.03%,"$3,103 ",,
Atascosa,7,SAT,San Antonio,"1,220 ",0.47%,0.02 ,"55,837",0.21%,1.07 ,"52,314",0.17%,"2,315,784.589",0.37%,44.267 ,425.978,0.52%,0.008 ,"1,022.722",0.51%,0.020 ,"$7,723,386",0.06%,$148 ,"$2,645,499",0.44%,$51 ,"$6,985,438",0.17%,$134 ,"$17,354,323",0.10%,$332 ,,
Austin,8,YKM,Yoakum,647 ,0.25%,0.02 ,"47,136",0.17%,1.43 ,"32,958",0.10%,"1,728,642.514",0.28%,52.450 ,291.870,0.36%,0.009 ,660.972,0.33%,0.020 ,"$5,617,772",0.05%,$170 ,"$2,789,084",0.46%,$85 ,"$8,326,903",0.21%,$253 ,"$16,733,759",0.10%,$508 ,,
Bailey,9,LBB,Lubbock,827 ,0.32%,0.12 ,"6,681",0.02%,0.95 ,"7,057",0.02%,"245,874.230",0.04%,34.841 ,225.165,0.28%,0.032 ,491.098,0.24%,0.070 ,"$459,766",0.00%,$65 ,"$1,128,934",0.19%,$160 ,"$412,872",0.01%,$59 ,"$2,001,572",0.01%,$284 ,,
Bandera,10,SAT,San Antonio,791 ,0.30%,0.03 ,"33,579",0.12%,1.47 ,"22,918",0.07%,"432,389.450",0.07%,18.867 ,195.308,0.24%,0.009 ,414.002,0.21%,0.018 ,"$12,560,064",0.10%,$548 ,"$1,446,123",0.24%,$63 ,"$5,726,646",0.14%,$250 ,"$19,732,834",0.12%,$861 ,,
Bastrop,11,AUS,Austin,888 ,0.34%,0.01 ,"123,045",0.46%,1.05 ,"116,842",0.37%,"3,372,182.986",0.54%,28.861 ,332.897,0.41%,0.003 ,818.891,0.41%,0.007 ,"$23,247,539",0.19%,$199 ,"$2,823,124",0.47%,$24 ,"$6,021,383",0.15%,$52 ,"$32,092,046",0.19%,$275 ,,
Baylor,12,WFS,Wichita Falls,867 ,0.33%,0.25 ,"4,263",0.02%,1.21 ,"3,529",0.01%,"246,958.844",0.04%,69.980 ,227.113,0.28%,0.064 ,530.140,0.26%,0.150 ,"$4,699,827",0.04%,"$1,332 ","$1,819,407",0.30%,$516 ,"$5,246,600",0.13%,"$1,487 ","$11,765,834",0.07%,"$3,334 ",,
Bee,13,CRP,Corpus Christi,880 ,0.34%,0.03 ,"22,739",0.08%,0.75 ,"30,125",0.10%,"687,632.687",0.11%,22.826 ,291.853,0.36%,0.010 ,678.878,0.34%,0.023 ,"$4,946,680",0.04%,$164 ,"$1,914,539",0.32%,$64 ,"$1,454,420",0.04%,$48 ,"$8,315,639",0.05%,$276 ,,
Bell,14,WAC,Waco,"1,054 ",0.40%,0.00 ,"351,723",1.30%,0.87 ,"402,069",1.27%,"9,386,363.671",1.50%,23.345 ,609.854,0.75%,0.002 ,"1,656.115",0.82%,0.004 ,"$81,852,609",0.68%,$204 ,"$3,513,424",0.58%,$9 ,"$38,503,361",0.96%,$96 ,"$123,869,393",0.74%,$308 ,,
Bexar,15,SAT,San Antonio,"1,240 ",0.47%,0.00 ,"1,773,138",6.58%,0.82 ,"2,167,567",6.87%,"35,856,052.470",5.74%,16.542 ,"1,048.142",1.29%,0.000 ,"3,592.286",1.78%,0.002 ,"$908,480,694",7.52%,$419 ,"$8,437,219",1.39%,$4 ,"$192,679,622",4.79%,$89 ,"$1,109,597,535",6.64%,$512 ,,
Blanco,16,AUS,Austin,709 ,0.27%,0.05 ,"21,264",0.08%,1.55 ,"13,682",0.04%,"977,340.476",0.16%,71.433 ,184.348,0.23%,0.013 ,455.978,0.23%,0.033 ,"$4,985,188",0.04%,$364 ,"$1,448,647",0.24%,$106 ,"$6,179,985",0.15%,$452 ,"$12,613,820",0.08%,$922 ,,
Borden,17,ABL,Abilene,897 ,0.34%,1.40 ,968,0.00%,1.51 ,642,0.00%,"85,866.090",0.01%,133.748 ,171.980,0.21%,0.268 ,343.960,0.17%,0.536 ,"$309,663",0.00%,$482 ,"$1,364,840",0.23%,"$2,126 ","$637,650",0.02%,$993 ,"$2,312,153",0.01%,"$3,601 ",,
Bosque,18,WAC,Waco,983 ,0.38%,0.05 ,"25,773",0.10%,1.38 ,"18,703",0.06%,"660,117.961",0.11%,35.295 ,346.090,0.43%,0.019 ,697.295,0.35%,0.037 ,"$10,508,634",0.09%,$562 ,"$1,505,593",0.25%,$81 ,"$21,919,908",0.55%,"$1,172 ","$33,934,136",0.20%,"$1,814 ",,
Bowie,19,ATL,Atlanta,885 ,0.34%,0.01 ,"87,604",0.32%,0.95 ,"92,206",0.29%,"3,115,992.929",0.50%,33.794 ,506.275,0.62%,0.005 ,"1,223.076",0.61%,0.013 ,"$57,655,068",0.48%,$625 ,"$5,677,369",0.94%,$62 ,"$30,578,475",0.76%,$332 ,"$93,910,911",0.56%,"$1,018 ",,
Brazoria,20,HOU,Houston,"1,363 ",0.52%,0.00 ,"361,591",1.34%,0.88 ,"412,599",1.31%,"6,080,658.085",0.97%,14.737 ,499.468,0.62%,0.001 ,"1,446.321",0.72%,0.004 ,"$216,175,607",1.79%,$524 ,"$2,105,529",0.35%,$5 ,"$36,989,816",0.92%,$90 ,"$255,270,952",1.53%,$619 ,,
Brazos,21,BRY,Bryan,586 ,0.22%,0.00 ,"185,601",0.69%,0.74 ,"249,858",0.79%,"4,460,264.666",0.71%,17.851 ,342.467,0.42%,0.001 ,979.351,0.49%,0.004 ,"$47,039,115",0.39%,$188 ,"$3,723,725",0.61%,$15 ,"$27,278,860",0.68%,$109 ,"$78,041,701",0.47%,$312 ,,
Brewster,22,ELP,El Paso,"6,184 ",2.37%,0.67 ,"11,687",0.04%,1.26 ,"9,262",0.03%,"250,587.928",0.04%,27.055 ,288.766,0.36%,0.031 ,606.172,0.30%,0.065 ,"$15,080,230",0.12%,"$1,628 ","$978,904",0.16%,$106 ,"$935,483",0.02%,$101 ,"$16,994,618",0.10%,"$1,835 ",,
Briscoe,23,CHS,Childress,900 ,0.34%,0.62 ,"2,009",0.01%,1.38 ,"1,456",0.00%,"50,336.468",0.01%,34.572 ,161.679,0.20%,0.111 ,325.454,0.16%,0.224 ,"$291,480",0.00%,$200 ,"$1,417,647",0.23%,$974 ,"$185,396",0.00%,$127 ,"$1,894,524",0.01%,"$1,301 ",,
Brooks,24,PHR,Pharr,943 ,0.36%,0.14 ,"6,175",0.02%,0.93 ,"6,645",0.02%,"735,463.231",0.12%,110.679 ,131.486,0.16%,0.020 ,352.958,0.18%,0.053 ,"$2,515,282",0.02%,$379 ,"$1,219,082",0.20%,$183 ,"$5,071,493",0.13%,$763 ,"$8,805,857",0.05%,"$1,325 ",,
Brown,25,BWD,Brownwood,944 ,0.36%,0.02 ,"45,046",0.17%,1.17 ,"38,346",0.12%,"803,845.213",0.13%,20.963 ,328.457,0.40%,0.009 ,771.789,0.38%,0.020 ,"$24,131,888",0.20%,$629 ,"$1,959,985",0.32%,$51 ,"$4,262,818",0.11%,$111 ,"$30,354,690",0.18%,$792 ,,
Burleson,26,BRY,Bryan,659 ,0.25%,0.03 ,"27,798",0.10%,1.35 ,"20,660",0.07%,"876,699.601",0.14%,42.435 ,233.876,0.29%,0.011 ,542.612,0.27%,0.026 ,"$16,080,181",0.13%,$778 ,"$2,289,798",0.38%,$111 ,"$9,755,295",0.24%,$472 ,"$28,125,273",0.17%,"$1,361 ",,
Burnet,27,AUS,Austin,995 ,0.38%,0.02 ,"72,287",0.27%,1.27 ,"57,023",0.18%,"2,196,482.572",0.35%,38.519 ,292.408,0.36%,0.005 ,791.704,0.39%,0.014 ,"$8,502,014",0.07%,$149 ,"$1,524,663",0.25%,$27 ,"$5,741,928",0.14%,$101 ,"$15,768,605",0.09%,$277 ,,
Caldwell,28,AUS,Austin,545 ,0.21%,0.01 ,"55,130",0.20%,1.04 ,"52,987",0.17%,"1,753,753.003",0.28%,33.098 ,305.549,0.38%,0.006 ,715.069,0.36%,0.013 ,"$8,803,206",0.07%,$166 ,"$1,672,781",0.28%,$32 ,"$1,205,915",0.03%,$23 ,"$11,681,901",0.07%,$220 ,,
Calhoun,29,YKM,Yoakum,507 ,0.19%,0.03 ,"24,745",0.09%,1.22 ,"20,228",0.06%,"548,957.040",0.09%,27.138 ,174.667,0.22%,0.009 ,436.859,0.22%,0.022 ,"$3,838,872",0.03%,$190 ,"$1,915,513",0.32%,$95 ,"$8,510,410",0.21%,$421 ,"$14,264,795",0.09%,$705 ,,
Callahan,30,ABL,Abilene,899 ,0.34%,0.06 ,"18,315",0.07%,1.24 ,"14,746",0.05%,"1,161,211.100",0.19%,78.748 ,340.096,0.42%,0.023 ,745.201,0.37%,0.051 ,"$12,108,496",0.10%,$821 ,"$2,721,554",0.45%,$185 ,"$3,363,460",0.08%,$228 ,"$18,193,510",0.11%,"$1,234 ",,
Cameron,31,PHR,Pharr,892 ,0.34%,0.00 ,"366,844",1.36%,0.85 ,"433,199",1.37%,"7,810,181.796",1.25%,18.029 ,668.293,0.82%,0.002 ,"1,913.982",0.95%,0.004 ,"$47,648,021",0.39%,$110 ,"$4,724,103",0.78%,$11 ,"$35,762,240",0.89%,$83 ,"$88,134,364",0.53%,$203 ,,
Camp,32,ATL,Atlanta,196 ,0.07%,0.02 ,"19,390",0.07%,1.51 ,"12,881",0.04%,"292,196.884",0.05%,22.684 ,120.273,0.15%,0.009 ,267.392,0.13%,0.021 ,"$490,039",0.00%,$38 ,"$644,746",0.11%,$50 ,"$583,723",0.01%,$45 ,"$1,718,507",0.01%,$133 ,,
Carson,33,AMA,Amarillo,920 ,0.35%,0.16 ,"8,065",0.03%,1.43 ,"5,648",0.02%,"925,388.783",0.15%,163.844 ,317.084,0.39%,0.056 ,779.518,0.39%,0.138 ,"$20,299,892",0.17%,"$3,594 ","$1,841,007",0.30%,$326 ,"$6,022,787",0.15%,"$1,066 ","$28,163,685",0.17%,"$4,986 ",,
Cass,34,ATL,Atlanta,937 ,0.36%,0.03 ,"34,891",0.13%,1.23 ,"28,474",0.09%,"914,372.040",0.15%,32.113 ,436.439,0.54%,0.015 ,980.025,0.49%,0.034 ,"$22,518,485",0.19%,$791 ,"$4,133,818",0.68%,$145 ,"$4,138,197",0.10%,$145 ,"$30,790,500",0.18%,"$1,081 ",,
Castro,35,LBB,Lubbock,894 ,0.34%,0.12 ,"9,017",0.03%,1.20 ,"7,490",0.02%,"306,828.558",0.05%,40.965 ,260.834,0.32%,0.035 ,552.407,0.27%,0.074 ,"$22,265,218",0.18%,"$2,973 ","$1,013,196",0.17%,$135 ,"$777,967",0.02%,$104 ,"$24,056,381",0.14%,"$3,212 ",,
Chambers,36,BMT,Beaumont,597 ,0.23%,0.01 ,"60,491",0.22%,1.06 ,"57,010",0.18%,"3,265,240.154",0.52%,57.275 ,336.140,0.41%,0.006 ,863.355,0.43%,0.015 ,"$17,254,675",0.14%,$303 ,"$2,401,881",0.40%,$42 ,"$12,849,413",0.32%,$225 ,"$32,505,969",0.19%,$570 ,,
Cherokee,37,TYL,Tyler,"1,053 ",0.40%,0.02 ,"55,307",0.21%,1.03 ,"53,809",0.17%,"1,291,186.407",0.21%,23.996 ,507.738,0.63%,0.009 ,"1,145.138",0.57%,0.021 ,"$70,115,866",0.58%,"$1,303 ","$3,621,006",0.60%,$67 ,"$11,643,474",0.29%,$216 ,"$85,380,346",0.51%,"$1,587 ",,
Childress,38,CHS,Childress,697 ,0.27%,0.11 ,"6,702",0.02%,1.02 ,"6,577",0.02%,"469,859.009",0.08%,71.440 ,209.309,0.26%,0.032 ,500.673,0.25%,0.076 ,"$10,088,880",0.08%,"$1,534 ","$1,395,128",0.23%,$212 ,"$14,716,338",0.37%,"$2,238 ","$26,200,346",0.16%,"$3,984 ",,
Clay,39,WFS,Wichita Falls,"1,089 ",0.42%,0.10 ,"14,171",0.05%,1.32 ,"10,752",0.03%,"827,464.952",0.13%,76.959 ,352.153,0.43%,0.033 ,781.347,0.39%,0.073 ,"$11,839,148",0.10%,"$1,101 ","$2,425,348",0.40%,$226 ,"$11,321,934",0.28%,"$1,053 ","$25,586,429",0.15%,"$2,380 ",,
Cochran,40,LBB,Lubbock,775 ,0.30%,0.30 ,"3,040",0.01%,1.17 ,"2,596",0.01%,"102,189.647",0.02%,39.364 ,231.384,0.29%,0.089 ,468.770,0.23%,0.181 ,"$2,694,887",0.02%,"$1,038 ","$545,489",0.09%,$210 ,"$489,064",0.01%,$188 ,"$3,729,439",0.02%,"$1,437 ",,
Coke,41,SJT,San Angelo,912 ,0.35%,0.26 ,"4,815",0.02%,1.37 ,"3,505",0.01%,"220,252.127",0.04%,62.839 ,171.274,0.21%,0.049 ,368.829,0.18%,0.105 ,"$21,718,513",0.18%,"$6,196 ","$1,227,687",0.20%,$350 ,"$15,205,073",0.38%,"$4,338 ","$38,151,273",0.23%,"$10,885 ",,
Coleman,42,BWD,Brownwood,"1,263 ",0.48%,0.15 ,"11,802",0.04%,1.44 ,"8,188",0.03%,"413,600.075",0.07%,50.513 ,335.184,0.41%,0.041 ,753.449,0.37%,0.092 ,"$14,712,654",0.12%,"$1,797 ","$1,747,711",0.29%,$213 ,"$11,986,760",0.30%,"$1,464 ","$28,447,126",0.17%,"$3,474 ",,
Collin,43,DAL,Dallas,841 ,0.32%,0.00 ,"956,767",3.55%,0.75 ,"1,272,999",4.03%,"11,299,496.486",1.81%,8.876 ,539.196,0.66%,0.000 ,"1,652.485",0.82%,0.001 ,"$395,599,684",3.27%,$311 ,"$4,374,704",0.72%,$3 ,"$53,634,666",1.33%,$42 ,"$453,609,055",2.71%,$356 ,,
Collingsworth,44,CHS,Childress,918 ,0.35%,0.35 ,"3,474",0.01%,1.33 ,"2,607",0.01%,"86,626.584",0.01%,33.228 ,217.348,0.27%,0.083 ,472.835,0.23%,0.181 ,"$5,563,994",0.05%,"$2,134 ","$2,013,520",0.33%,$772 ,"$6,345,966",0.16%,"$2,434 ","$13,923,480",0.08%,"$5,341 ",,
Colorado,45,YKM,Yoakum,960 ,0.37%,0.04 ,"31,580",0.12%,1.47 ,"21,543",0.07%,"2,184,371.781",0.35%,101.396 ,334.667,0.41%,0.016 ,769.500,0.38%,0.036 ,"$226,723,998",1.88%,"$10,524 ","$2,266,886",0.37%,$105 ,"$111,398,257",2.77%,"$5,171 ","$340,389,141",2.04%,"$15,800 ",,
Comal,46,SAT,San Antonio,560 ,0.21%,0.00 ,"226,587",0.84%,1.09 ,"207,603",0.66%,"5,835,263.023",0.93%,28.108 ,270.512,0.33%,0.001 ,743.356,0.37%,0.004 ,"$64,479,344",0.53%,$311 ,"$2,826,253",0.47%,$14 ,"$19,389,652",0.48%,$93 ,"$86,695,248",0.52%,$418 ,,
Comanche,47,BWD,Brownwood,938 ,0.36%,0.06 ,"19,036",0.07%,1.31 ,"14,524",0.05%,"579,910.809",0.09%,39.928 ,357.903,0.44%,0.025 ,747.921,0.37%,0.051 ,"$13,194,302",0.11%,$908 ,"$1,994,149",0.33%,$137 ,"$5,578,426",0.14%,$384 ,"$20,766,877",0.12%,"$1,430 ",,
Concho,48,SJT,San Angelo,984 ,0.38%,0.30 ,"3,666",0.01%,1.10 ,"3,322",0.01%,"388,461.631",0.06%,116.936 ,207.754,0.26%,0.063 ,477.990,0.24%,0.144 ,"$7,150,956",0.06%,"$2,153 ","$881,943",0.15%,$265 ,"$5,420,537",0.13%,"$1,632 ","$13,453,436",0.08%,"$4,050 ",,
Cooke,49,WFS,Wichita Falls,875 ,0.33%,0.02 ,"61,042",0.23%,1.36 ,"44,986",0.14%,"1,983,490.817",0.32%,44.091 ,367.223,0.45%,0.008 ,847.464,0.42%,0.019 ,"$230,233,778",1.90%,"$5,118 ","$2,890,299",0.48%,$64 ,"$12,273,006",0.31%,$273 ,"$245,397,082",1.47%,"$5,455 ",,
Coryell,50,WAC,Waco,"1,052 ",0.40%,0.01 ,"67,125",0.25%,0.77 ,"87,186",0.28%,"1,357,698.169",0.22%,15.572 ,335.884,0.41%,0.004 ,781.874,0.39%,0.009 ,"$5,709,699",0.05%,$65 ,"$1,659,788",0.27%,$19 ,"$15,015,056",0.37%,$172 ,"$22,384,543",0.13%,$257 ,,
Cottle,51,CHS,Childress,901 ,0.34%,0.74 ,"1,607",0.01%,1.32 ,"1,220",0.00%,"59,561.367",0.01%,48.821 ,194.871,0.24%,0.160 ,389.742,0.19%,0.319 ,"$1,073,150",0.01%,$880 ,"$1,093,403",0.18%,$896 ,"$429,677",0.01%,$352 ,"$2,596,230",0.02%,"$2,128 ",,
Crane,52,ODA,Odessa,785 ,0.30%,0.17 ,"5,689",0.02%,1.20 ,"4,743",0.02%,"371,455.624",0.06%,78.317 ,137.828,0.17%,0.029 ,339.640,0.17%,0.072 ,"$4,283,483",0.04%,$903 ,"$744,447",0.12%,$157 ,"$598,941",0.01%,$126 ,"$5,626,872",0.03%,"$1,186 ",,
Crockett,53,SJT,San Angelo,"2,807 ",1.07%,1.03 ,"5,094",0.02%,1.87 ,"2,723",0.01%,"654,087.784",0.10%,240.209 ,317.825,0.39%,0.117 ,743.968,0.37%,0.273 ,"$3,304,975",0.03%,"$1,214 ","$655,874",0.11%,$241 ,"$2,720,167",0.07%,$999 ,"$6,681,016",0.04%,"$2,454 ",,
Crosby,54,LBB,Lubbock,900 ,0.34%,0.17 ,"5,667",0.02%,1.10 ,"5,169",0.02%,"194,658.045",0.03%,37.659 ,252.767,0.31%,0.049 ,569.164,0.28%,0.110 ,"$6,497,854",0.05%,"$1,257 ","$2,034,027",0.34%,$394 ,"$2,403,260",0.06%,$465 ,"$10,935,141",0.07%,"$2,116 ",,
Culberson,55,ELP,El Paso,"3,812 ",1.46%,1.67 ,"2,901",0.01%,1.27 ,"2,282",0.01%,"868,902.539",0.14%,380.764 ,320.110,0.39%,0.140 ,756.811,0.38%,0.332 ,"$43,199,214",0.36%,"$18,930 ","$1,500,132",0.25%,$657 ,"$24,243,539",0.60%,"$10,624 ","$68,942,884",0.41%,"$30,212 ",,
Dallam,56,AMA,Amarillo,"1,503 ",0.58%,0.19 ,"8,753",0.03%,1.12 ,"7,831",0.02%,"463,844.014",0.07%,59.232 ,301.691,0.37%,0.039 ,698.260,0.35%,0.089 ,"$367,582",0.00%,$47 ,"$1,928,638",0.32%,$246 ,"$1,735,947",0.04%,$222 ,"$4,032,167",0.02%,$515 ,,
Dallas,57,DAL,Dallas,873 ,0.33%,0.00 ,"2,119,019",7.86%,0.79 ,"2,691,548",8.53%,"43,641,546.969",6.99%,16.214 ,842.246,1.04%,0.000 ,"3,618.405",1.80%,0.001 ,"$670,471,791",5.55%,$249 ,"$7,778,813",1.28%,$3 ,"$138,015,564",3.43%,$51 ,"$816,266,167",4.88%,$303 ,,
Dawson,58,LBB,Lubbock,900 ,0.34%,0.08 ,"11,378",0.04%,0.98 ,"11,655",0.04%,"639,348.874",0.10%,54.856 ,312.630,0.39%,0.027 ,740.881,0.37%,0.064 ,"$5,928,010",0.05%,$509 ,"$1,933,529",0.32%,$166 ,"$895,125",0.02%,$77 ,"$8,756,664",0.05%,$751 ,,
Deaf Smith,59,AMA,Amarillo,"1,497 ",0.57%,0.08 ,"21,475",0.08%,1.14 ,"18,794",0.06%,"493,271.598",0.08%,26.246 ,272.208,0.34%,0.014 ,603.288,0.30%,0.032 ,"$22,054,684",0.18%,"$1,173 ","$1,793,109",0.30%,$95 ,"$7,534,740",0.19%,$401 ,"$31,382,533",0.19%,"$1,670 ",,
Delta,60,PAR,Paris,257 ,0.10%,0.05 ,"7,148",0.03%,1.29 ,"5,531",0.02%,"192,804.505",0.03%,34.859 ,166.061,0.20%,0.030 ,372.806,0.19%,0.067 ,"$1,581,215",0.01%,$286 ,"$1,106,550",0.18%,$200 ,"$4,808,673",0.12%,$869 ,"$7,496,438",0.04%,"$1,355 ",,
Denton,61,DAL,Dallas,879 ,0.34%,0.00 ,"819,821",3.04%,0.77 ,"1,058,299",3.35%,"13,345,256.759",2.14%,12.610 ,557.178,0.69%,0.001 ,"1,863.914",0.93%,0.002 ,"$406,731,677",3.36%,$384 ,"$4,569,705",0.75%,$4 ,"$50,154,897",1.25%,$47 ,"$461,456,278",2.76%,$436 ,,
Dewitt,62,YKM,Yoakum,909 ,0.35%,0.04 ,"26,295",0.10%,1.28 ,"20,471",0.06%,"650,035.006",0.10%,31.754 ,315.032,0.39%,0.015 ,675.302,0.34%,0.033 ,"$44,781,779",0.37%,"$2,188 ","$3,027,400",0.50%,$148 ,"$13,665,214",0.34%,$668 ,"$61,474,394",0.37%,"$3,003 ",,
Dickens,63,CHS,Childress,902 ,0.35%,0.52 ,"2,538",0.01%,1.46 ,"1,741",0.01%,"118,032.649",0.02%,67.796 ,201.840,0.25%,0.116 ,468.124,0.23%,0.269 ,"$12,597,058",0.10%,"$7,236 ","$1,354,696",0.22%,$778 ,"$1,258,883",0.03%,$723 ,"$15,210,637",0.09%,"$8,737 ",,
Dimmit,64,LRD,Laredo,"1,329 ",0.51%,0.17 ,"10,657",0.04%,1.33 ,"8,021",0.03%,"611,967.761",0.10%,76.296 ,248.591,0.31%,0.031 ,509.039,0.25%,0.063 ,"$26,094,500",0.22%,"$3,253 ","$1,519,409",0.25%,$189 ,"$9,452,546",0.24%,"$1,178 ","$37,066,456",0.22%,"$4,621 ",,
Donley,65,CHS,Childress,927 ,0.35%,0.29 ,"3,577",0.01%,1.13 ,"3,172",0.01%,"607,946.394",0.10%,191.660 ,190.418,0.23%,0.060 ,468.856,0.23%,0.148 ,"$6,095,502",0.05%,"$1,922 ","$1,466,503",0.24%,$462 ,"$4,301,575",0.11%,"$1,356 ","$11,863,581",0.07%,"$3,740 ",,
Duval,67,LRD,Laredo,"1,793 ",0.69%,0.18 ,"11,348",0.04%,1.14 ,"9,963",0.03%,"437,046.454",0.07%,43.867 ,311.732,0.38%,0.031 ,641.887,0.32%,0.064 ,"$5,445,924",0.05%,$547 ,"$874,939",0.14%,$88 ,"$3,490,966",0.09%,$350 ,"$9,811,829",0.06%,$985 ,,
Eastland,68,BWD,Brownwood,927 ,0.35%,0.05 ,"28,825",0.11%,1.58 ,"18,223",0.06%,"1,606,790.717",0.26%,88.174 ,459.218,0.57%,0.025 ,"1,033.347",0.51%,0.057 ,"$32,594,718",0.27%,"$1,789 ","$2,573,928",0.43%,$141 ,"$13,209,951",0.33%,$725 ,"$48,378,596",0.29%,"$2,655 ",,
Ector,69,ODA,Odessa,898 ,0.34%,0.01 ,"200,278",0.74%,1.14 ,"175,677",0.56%,"3,687,075.213",0.59%,20.988 ,340.979,0.42%,0.002 ,975.523,0.48%,0.006 ,"$66,836,131",0.55%,$380 ,"$2,034,155",0.34%,$12 ,"$34,983,138",0.87%,$199 ,"$103,853,424",0.62%,$591 ,,
Edwards,70,SJT,San Angelo,"2,118 ",0.81%,1.49 ,"3,243",0.01%,2.28 ,"1,421",0.00%,"107,667.238",0.02%,75.769 ,239.529,0.30%,0.169 ,499.572,0.25%,0.352 ,"$272,669",0.00%,$192 ,"$821,556",0.14%,$578 ,"$387,221",0.01%,$272 ,"$1,481,446",0.01%,"$1,043 ",,
Ellis,71,DAL,Dallas,936 ,0.36%,0.00 ,"705,428",2.62%,2.99 ,"235,760",0.75%,"7,452,065.169",1.19%,31.609 ,637.533,0.79%,0.003 ,"1,658.864",0.82%,0.007 ,"$111,125,770",0.92%,$471 ,"$5,383,977",0.89%,$23 ,"$15,416,887",0.38%,$65 ,"$131,926,634",0.79%,$560 ,,
El Paso,72,ELP,El Paso,"1,013 ",0.39%,0.00 ,"215,506",0.80%,0.25 ,"879,329",2.79%,"12,836,305.799",2.06%,14.598 ,513.823,0.63%,0.001 ,"1,808.637",0.90%,0.002 ,"$266,647,532",2.21%,$303 ,"$4,983,233",0.82%,$6 ,"$109,220,663",2.72%,$124 ,"$380,851,427",2.28%,$433 ,,
Erath,73,FTW,Fort Worth,"1,083 ",0.41%,0.02 ,"49,328",0.18%,1.14 ,"43,427",0.14%,"1,401,436.104",0.22%,32.271 ,391.275,0.48%,0.009 ,850.519,0.42%,0.020 ,"$21,836,458",0.18%,$503 ,"$2,071,057",0.34%,$48 ,"$8,231,928",0.20%,$190 ,"$32,139,442",0.19%,$740 ,,
Falls,74,WAC,Waco,766 ,0.29%,0.04 ,"19,019",0.07%,1.07 ,"17,855",0.06%,"905,566.500",0.15%,50.718 ,344.281,0.42%,0.019 ,751.981,0.37%,0.042 ,"$6,454,331",0.05%,$361 ,"$2,466,329",0.41%,$138 ,"$20,063,914",0.50%,"$1,124 ","$28,984,574",0.17%,"$1,623 ",,
Fannin,75,PAR,Paris,891 ,0.34%,0.02 ,"42,899",0.16%,1.09 ,"39,397",0.12%,"1,100,642.452",0.18%,27.937 ,485.632,0.60%,0.012 ,991.223,0.49%,0.025 ,"$23,637,589",0.20%,$600 ,"$4,234,942",0.70%,$107 ,"$20,197,325",0.50%,$513 ,"$48,069,856",0.29%,"$1,220 ",,
Fayette,76,YKM,Yoakum,950 ,0.36%,0.04 ,"38,066",0.14%,1.49 ,"25,486",0.08%,"2,177,245.173",0.35%,85.429 ,440.461,0.54%,0.017 ,"1,034.720",0.51%,0.041 ,"$63,997,243",0.53%,"$2,511 ","$3,151,050",0.52%,$124 ,"$29,541,447",0.74%,"$1,159 ","$96,689,740",0.58%,"$3,794 ",,
Fisher,77,ABL,Abilene,899 ,0.34%,0.24 ,"4,652",0.02%,1.25 ,"3,736",0.01%,"205,841.387",0.03%,55.097 ,274.880,0.34%,0.074 ,558.034,0.28%,0.149 ,"$5,841,700",0.05%,"$1,564 ","$1,748,109",0.29%,$468 ,"$2,700,550",0.07%,$723 ,"$10,290,360",0.06%,"$2,754 ",,
Floyd,78,LBB,Lubbock,992 ,0.38%,0.20 ,"6,740",0.03%,1.36 ,"4,970",0.02%,"199,179.743",0.03%,40.076 ,323.941,0.40%,0.065 ,701.976,0.35%,0.141 ,"$191,722",0.00%,$39 ,"$1,183,257",0.20%,$238 ,"$719,603",0.02%,$145 ,"$2,094,582",0.01%,$421 ,,
Foard,79,CHS,Childress,704 ,0.27%,0.69 ,"1,732",0.01%,1.69 ,"1,025",0.00%,"52,237.009",0.01%,50.963 ,148.810,0.18%,0.145 ,297.906,0.15%,0.291 ,"$409,856",0.00%,$400 ,"$1,441,575",0.24%,"$1,406 ","$793,591",0.02%,$774 ,"$2,645,022",0.02%,"$2,581 ",,
Fort Bend,80,HOU,Houston,862 ,0.33%,0.00 ,"712,987",2.64%,0.73 ,"971,689",3.08%,"9,861,470.399",1.58%,10.149 ,461.111,0.57%,0.000 ,"1,454.621",0.72%,0.001 ,"$227,911,109",1.89%,$235 ,"$2,076,278",0.34%,$2 ,"$11,793,706",0.29%,$12 ,"$241,781,093",1.45%,$249 ,,
Franklin,81,PAR,Paris,284 ,0.11%,0.03 ,"13,824",0.05%,1.23 ,"11,231",0.04%,"548,281.713",0.09%,48.819 ,157.150,0.19%,0.014 ,343.872,0.17%,0.031 ,"$10,900,584",0.09%,$971 ,"$1,288,565",0.21%,$115 ,"$5,923,780",0.15%,$527 ,"$18,112,928",0.11%,"$1,613 ",,
Freestone,82,BRY,Bryan,878 ,0.34%,0.04 ,"24,990",0.09%,1.22 ,"20,554",0.07%,"1,789,918.413",0.29%,87.084 ,376.560,0.46%,0.018 ,823.581,0.41%,0.040 ,"$8,249,538",0.07%,$401 ,"$3,407,080",0.56%,$166 ,"$12,025,444",0.30%,$585 ,"$23,682,062",0.14%,"$1,152 ",,
Frio,83,SAT,San Antonio,"1,134 ",0.43%,0.06 ,"16,508",0.06%,0.84 ,"19,614",0.06%,"1,431,284.305",0.23%,72.973 ,339.255,0.42%,0.017 ,761.107,0.38%,0.039 ,"$19,158,327",0.16%,$977 ,"$2,932,167",0.48%,$149 ,"$3,291,863",0.08%,$168 ,"$25,382,358",0.15%,"$1,294 ",,
Gaines,84,LBB,Lubbock,"1,502 ",0.58%,0.06 ,"28,571",0.11%,1.23 ,"23,167",0.07%,"829,147.368",0.13%,35.790 ,271.840,0.33%,0.012 ,662.710,0.33%,0.029 ,"$6,960,876",0.06%,$300 ,"$1,214,784",0.20%,$52 ,"$349,868",0.01%,$15 ,"$8,525,528",0.05%,$368 ,,
Galveston,85,HOU,Houston,379 ,0.15%,0.00 ,"313,275",1.16%,0.85 ,"368,857",1.17%,"5,718,914.105",0.92%,15.504 ,332.102,0.41%,0.001 ,"1,083.137",0.54%,0.003 ,"$226,492,554",1.87%,$614 ,"$1,537,387",0.25%,$4 ,"$19,797,956",0.49%,$54 ,"$247,827,898",1.48%,$672 ,,
Garza,86,LBB,Lubbock,893 ,0.34%,0.17 ,"5,030",0.02%,0.94 ,"5,376",0.02%,"465,436.304",0.07%,86.577 ,183.452,0.23%,0.034 ,457.256,0.23%,0.085 ,"$1,850,457",0.02%,$344 ,"$849,298",0.14%,$158 ,"$5,692,765",0.14%,"$1,059 ","$8,392,520",0.05%,"$1,561 ",,
Gillespie,87,AUS,Austin,"1,058 ",0.41%,0.04 ,"43,216",0.16%,1.50 ,"28,875",0.09%,"935,721.528",0.15%,32.406 ,272.329,0.34%,0.009 ,680.868,0.34%,0.024 ,"$9,424,225",0.08%,$326 ,"$2,137,335",0.35%,$74 ,"$5,398,750",0.13%,$187 ,"$16,960,310",0.10%,$587 ,,
Glasscock,88,SJT,San Angelo,900 ,0.34%,0.78 ,"3,110",0.01%,2.69 ,"1,154",0.00%,"454,468.177",0.07%,393.820 ,136.881,0.17%,0.119 ,356.964,0.18%,0.309 ,"$15,697,916",0.13%,"$13,603 ","$334,862",0.06%,$290 ,"$172,568",0.00%,$150 ,"$16,205,346",0.10%,"$14,043 ",,
Goliad,89,CRP,Corpus Christi,852 ,0.33%,0.12 ,"10,193",0.04%,1.38 ,"7,399",0.02%,"372,951.081",0.06%,50.406 ,250.385,0.31%,0.034 ,535.263,0.27%,0.072 ,"$10,450,510",0.09%,"$1,412 ","$2,765,722",0.46%,$374 ,"$10,332,970",0.26%,"$1,397 ","$23,549,202",0.14%,"$3,183 ",,
Gonzales,90,YKM,Yoakum,"1,067 ",0.41%,0.05 ,"26,984",0.10%,1.33 ,"20,311",0.06%,"1,580,315.089",0.25%,77.806 ,409.810,0.50%,0.020 ,894.095,0.44%,0.044 ,"$37,715,364",0.31%,"$1,857 ","$2,327,031",0.38%,$115 ,"$8,336,157",0.21%,$410 ,"$48,378,552",0.29%,"$2,382 ",,
Gray,91,AMA,Amarillo,926 ,0.35%,0.04 ,"22,255",0.08%,1.07 ,"20,887",0.07%,"663,137.812",0.11%,31.749 ,333.506,0.41%,0.016 ,762.061,0.38%,0.036 ,"$14,826,422",0.12%,$710 ,"$2,787,462",0.46%,$133 ,"$15,011,624",0.37%,$719 ,"$32,625,508",0.20%,"$1,562 ",,
Grayson,92,PAR,Paris,933 ,0.36%,0.01 ,"158,027",0.59%,1.04 ,"152,665",0.48%,"4,584,157.041",0.73%,30.028 ,544.823,0.67%,0.004 ,"1,289.976",0.64%,0.008 ,"$120,465,044",1.00%,$789 ,"$3,596,801",0.59%,$24 ,"$47,518,247",1.18%,$311 ,"$171,580,092",1.03%,"$1,124 ",,
Gregg,93,TYL,Tyler,273 ,0.10%,0.00 ,"141,739",0.53%,1.11 ,"127,815",0.40%,"2,953,192.919",0.47%,23.105 ,269.980,0.33%,0.002 ,824.175,0.41%,0.006 ,"$28,703,066",0.24%,$225 ,"$4,674,720",0.77%,$37 ,"$12,645,011",0.31%,$99 ,"$46,022,798",0.28%,$360 ,,
Grimes,94,BRY,Bryan,787 ,0.30%,0.02 ,"41,496",0.15%,1.24 ,"33,510",0.11%,"1,574,748.096",0.25%,46.993 ,306.405,0.38%,0.009 ,651.935,0.32%,0.019 ,"$20,782,979",0.17%,$620 ,"$2,563,215",0.42%,$76 ,"$14,303,652",0.36%,$427 ,"$37,649,846",0.23%,"$1,124 ",,
Guadalupe,95,SAT,San Antonio,711 ,0.27%,0.00 ,"186,557",0.69%,0.95 ,"196,392",0.62%,"4,538,462.517",0.73%,23.109 ,408.584,0.50%,0.002 ,"1,015.293",0.50%,0.005 ,"$113,621,218",0.94%,$579 ,"$3,076,958",0.51%,$16 ,"$24,064,351",0.60%,$123 ,"$140,762,527",0.84%,$717 ,,
Hale,96,LBB,Lubbock,"1,005 ",0.38%,0.03 ,"29,094",0.11%,0.91 ,"31,802",0.10%,"953,011.078",0.15%,29.967 ,460.174,0.57%,0.014 ,"1,053.500",0.52%,0.033 ,"$7,895,027",0.07%,$248 ,"$1,861,729",0.31%,$59 ,"$3,256,846",0.08%,$102 ,"$13,013,601",0.08%,$409 ,,
Hall,97,CHS,Childress,883 ,0.34%,0.33 ,"2,990",0.01%,1.12 ,"2,670",0.01%,"278,970.235",0.04%,104.483 ,209.538,0.26%,0.078 ,459.241,0.23%,0.172 ,"$2,948,646",0.02%,"$1,104 ","$2,032,298",0.34%,$761 ,"$2,484,244",0.06%,$930 ,"$7,465,188",0.04%,"$2,796 ",,
Hamilton,98,WAC,Waco,836 ,0.32%,0.09 ,"12,739",0.05%,1.40 ,"9,071",0.03%,"449,430.900",0.07%,49.546 ,286.998,0.35%,0.032 ,579.822,0.29%,0.064 ,"$6,069,229",0.05%,$669 ,"$1,627,900",0.27%,$179 ,"$10,724,093",0.27%,"$1,182 ","$18,421,221",0.11%,"$2,031 ",,
Hansford,99,AMA,Amarillo,920 ,0.35%,0.18 ,"6,710",0.02%,1.35 ,"4,977",0.02%,"147,182.586",0.02%,29.573 ,260.816,0.32%,0.052 ,525.404,0.26%,0.106 ,"$476,365",0.00%,$96 ,"$1,250,082",0.21%,$251 ,"$913,210",0.02%,$183 ,"$2,639,657",0.02%,$530 ,,
Hardeman,100,CHS,Childress,695 ,0.27%,0.21 ,"3,966",0.01%,1.18 ,"3,367",0.01%,"412,207.077",0.07%,122.426 ,200.980,0.25%,0.060 ,465.082,0.23%,0.138 ,"$4,420,449",0.04%,"$1,313 ","$1,349,688",0.22%,$401 ,"$13,795,365",0.34%,"$4,097 ","$19,565,501",0.12%,"$5,811 ",,
Hardin,101,BMT,Beaumont,891 ,0.34%,0.01 ,"63,309",0.23%,1.06 ,"59,494",0.19%,"1,421,288.014",0.23%,23.890 ,249.144,0.31%,0.004 ,585.914,0.29%,0.010 ,"$45,571,622",0.38%,$766 ,"$3,095,573",0.51%,$52 ,"$7,379,861",0.18%,$124 ,"$56,047,055",0.34%,$942 ,,
Harris,102,HOU,Houston,"1,707 ",0.65%,0.00 ,"3,552,979",13.18%,0.71 ,"5,003,892",15.85%,"69,713,146.130",11.17%,13.932 ,"1,379.486",1.70%,0.000 ,"5,661.054",2.81%,0.001 ,"$1,117,336,888",9.24%,$223 ,"$10,683,113",1.76%,$2 ,"$138,314,464",3.44%,$28 ,"$1,266,334,465",7.58%,$253 ,,
Harrison,103,ATL,Atlanta,900 ,0.34%,0.01 ,"75,686",0.28%,1.06 ,"71,364",0.23%,"2,902,417.938",0.46%,40.671 ,475.488,0.59%,0.007 ,"1,173.548",0.58%,0.016 ,"$32,380,489",0.27%,$454 ,"$4,324,251",0.71%,$61 ,"$15,829,693",0.39%,$222 ,"$52,534,433",0.31%,$736 ,,
Hartley,104,AMA,Amarillo,"1,462 ",0.56%,0.30 ,"7,733",0.03%,1.57 ,"4,916",0.02%,"507,832.716",0.08%,103.302 ,253.136,0.31%,0.051 ,550.755,0.27%,0.112 ,"$1,910,102",0.02%,$389 ,"$2,144,048",0.35%,$436 ,"$1,629,991",0.04%,$332 ,"$5,684,141",0.03%,"$1,156 ",,
Haskell,105,ABL,Abilene,903 ,0.35%,0.17 ,"6,151",0.02%,1.13 ,"5,445",0.02%,"252,883.782",0.04%,46.443 ,297.516,0.37%,0.055 ,669.374,0.33%,0.123 ,"$9,447,697",0.08%,"$1,735 ","$3,409,517",0.56%,$626 ,"$4,370,566",0.11%,$803 ,"$17,227,781",0.10%,"$3,164 ",,
Hays,106,AUS,Austin,677 ,0.26%,0.00 ,"250,910",0.93%,0.85 ,"294,840",0.93%,"6,411,022.177",1.03%,21.744 ,281.136,0.35%,0.001 ,767.078,0.38%,0.003 ,"$40,484,218",0.33%,$137 ,"$1,882,179",0.31%,$6 ,"$26,876,215",0.67%,$91 ,"$69,242,612",0.41%,$235 ,,
Hemphill,107,AMA,Amarillo,906 ,0.35%,0.28 ,"5,311",0.02%,1.65 ,"3,210",0.01%,"117,289.677",0.02%,36.539 ,183.276,0.23%,0.057 ,384.149,0.19%,0.120 ,"$1,870,670",0.02%,$583 ,"$1,693,295",0.28%,$528 ,"$5,799,412",0.14%,"$1,807 ","$9,363,376",0.06%,"$2,917 ",,
Henderson,108,TYL,Tyler,874 ,0.33%,0.01 ,"103,096",0.38%,1.17 ,"88,009",0.28%,"2,092,757.061",0.34%,23.779 ,422.489,0.52%,0.005 ,"1,067.231",0.53%,0.012 ,"$14,245,927",0.12%,$162 ,"$3,653,229",0.60%,$42 ,"$8,120,198",0.20%,$92 ,"$26,019,353",0.16%,$296 ,,
Hidalgo,109,PHR,Pharr,"1,571 ",0.60%,0.00 ,"741,698",2.75%,0.80 ,"928,384",2.94%,"12,930,973.121",2.07%,13.928 ,848.745,1.05%,0.001 ,"2,601.755",1.29%,0.003 ,"$144,905,992",1.20%,$156 ,"$5,967,404",0.99%,$6 ,"$29,832,546",0.74%,$32 ,"$180,705,942",1.08%,$195 ,,
Hill,110,WAC,Waco,959 ,0.37%,0.02 ,"52,919",0.20%,1.34 ,"39,598",0.13%,"3,175,921.544",0.51%,80.204 ,498.947,0.61%,0.013 ,"1,162.561",0.58%,0.029 ,"$39,097,117",0.32%,$987 ,"$4,342,587",0.72%,$110 ,"$15,462,936",0.38%,$390 ,"$58,902,640",0.35%,"$1,488 ",,
Hockley,111,LBB,Lubbock,908 ,0.35%,0.04 ,"26,282",0.10%,1.22 ,"21,620",0.07%,"685,691.970",0.11%,31.716 ,336.305,0.41%,0.016 ,752.216,0.37%,0.035 ,"$13,896,274",0.11%,$643 ,"$1,703,576",0.28%,$79 ,"$773,119",0.02%,$36 ,"$16,372,969",0.10%,$757 ,,
Hood,112,FTW,Fort Worth,421 ,0.16%,0.01 ,"82,937",0.31%,1.18 ,"70,130",0.22%,"1,314,457.690",0.21%,18.743 ,180.389,0.22%,0.003 ,415.840,0.21%,0.006 ,"$14,878,618",0.12%,$212 ,"$1,701,322",0.28%,$24 ,"$10,090,058",0.25%,$144 ,"$26,669,998",0.16%,$380 ,,
Hopkins,113,PAR,Paris,767 ,0.29%,0.02 ,"47,055",0.17%,1.21 ,"39,012",0.12%,"1,851,366.776",0.30%,47.456 ,439.844,0.54%,0.011 ,"1,009.560",0.50%,0.026 ,"$5,023,030",0.04%,$129 ,"$4,076,132",0.67%,$104 ,"$17,991,529",0.45%,$461 ,"$27,090,691",0.16%,$694 ,,
Houston,114,LFK,Lufkin,"1,231 ",0.47%,0.06 ,"24,585",0.09%,1.13 ,"21,771",0.07%,"702,323.458",0.11%,32.260 ,401.651,0.49%,0.018 ,863.252,0.43%,0.040 ,"$29,072,035",0.24%,"$1,335 ","$4,402,826",0.73%,$202 ,"$24,013,592",0.60%,"$1,103 ","$57,488,453",0.34%,"$2,641 ",,
Howard,115,ABL,Abilene,901 ,0.34%,0.03 ,"30,711",0.11%,0.90 ,"33,949",0.11%,"1,564,352.151",0.25%,46.079 ,358.779,0.44%,0.011 ,909.570,0.45%,0.027 ,"$32,394,081",0.27%,$954 ,"$2,319,956",0.38%,$68 ,"$3,900,512",0.10%,$115 ,"$38,614,549",0.23%,"$1,137 ",,
Hudspeth,116,ELP,El Paso,"4,571 ",1.75%,1.21 ,"3,783",0.01%,1.00 ,"3,792",0.01%,"1,425,493.436",0.23%,375.921 ,340.807,0.42%,0.090 ,828.166,0.41%,0.218 ,"$7,621,410",0.06%,"$2,010 ","$1,990,073",0.33%,$525 ,"$13,949,852",0.35%,"$3,679 ","$23,561,335",0.14%,"$6,213 ",,
Hunt,117,PAR,Paris,840 ,0.32%,0.01 ,"124,667",0.46%,1.05 ,"118,261",0.37%,"3,625,392.211",0.58%,30.656 ,595.437,0.73%,0.005 ,"1,378.324",0.68%,0.012 ,"$40,706,025",0.34%,$344 ,"$4,637,000",0.77%,$39 ,"$49,411,849",1.23%,$418 ,"$94,754,874",0.57%,$801 ,,
Hutchinson,118,AMA,Amarillo,887 ,0.34%,0.04 ,"24,484",0.09%,1.21 ,"20,223",0.06%,"353,052.416",0.06%,17.458 ,208.088,0.26%,0.010 ,492.907,0.24%,0.024 ,"$6,628,621",0.05%,$328 ,"$1,546,390",0.26%,$76 ,"$6,417,615",0.16%,$317 ,"$14,592,625",0.09%,$722 ,,
Irion,119,SJT,San Angelo,"1,052 ",0.40%,0.71 ,"3,477",0.01%,2.36 ,"1,475",0.00%,"239,975.961",0.04%,162.696 ,123.116,0.15%,0.083 ,246.232,0.12%,0.167 ,"$6,455,712",0.05%,"$4,377 ","$344,296",0.06%,$233 ,"$308,164",0.01%,$209 ,"$7,108,172",0.04%,"$4,819 ",,
Jack,120,FTW,Fort Worth,911 ,0.35%,0.09 ,"12,280",0.05%,1.28 ,"9,606",0.03%,"380,744.557",0.06%,39.636 ,271.533,0.33%,0.028 ,583.197,0.29%,0.061 ,"$30,086,674",0.25%,"$3,132 ","$1,069,361",0.18%,$111 ,"$2,206,992",0.05%,$230 ,"$33,363,027",0.20%,"$3,473 ",,
Jackson,121,YKM,Yoakum,829 ,0.32%,0.06 ,"18,844",0.07%,1.25 ,"15,034",0.05%,"1,022,316.592",0.16%,68.000 ,293.772,0.36%,0.020 ,637.280,0.32%,0.042 ,"$25,639,068",0.21%,"$1,705 ","$3,279,799",0.54%,$218 ,"$11,870,578",0.30%,$790 ,"$40,789,445",0.24%,"$2,713 ",,
Jasper,122,BMT,Beaumont,939 ,0.36%,0.03 ,"41,798",0.16%,1.27 ,"32,954",0.10%,"1,212,241.382",0.19%,36.786 ,323.878,0.40%,0.010 ,777.639,0.39%,0.024 ,"$7,075,257",0.06%,$215 ,"$1,736,637",0.29%,$53 ,"$7,982,567",0.20%,$242 ,"$16,794,461",0.10%,$510 ,,
Jeff Davis,123,ELP,El Paso,"2,265 ",0.87%,1.11 ,"2,861",0.01%,1.41 ,"2,035",0.01%,"193,340.222",0.03%,95.007 ,226.601,0.28%,0.111 ,472.008,0.23%,0.232 ,"$1,058,870",0.01%,$520 ,"$1,062,079",0.18%,$522 ,"$3,083,955",0.08%,"$1,515 ","$5,204,904",0.03%,"$2,558 ",,
Jefferson,124,BMT,Beaumont,877 ,0.34%,0.00 ,"217,569",0.81%,0.84 ,"258,038",0.82%,"5,516,614.920",0.88%,21.379 ,365.974,0.45%,0.001 ,"1,120.265",0.56%,0.004 ,"$129,339,715",1.07%,$501 ,"$3,959,174",0.65%,$15 ,"$69,873,161",1.74%,$271 ,"$203,172,050",1.22%,$787 ,,
Jim Hogg,125,PHR,Pharr,"1,136 ",0.43%,0.24 ,"4,353",0.02%,0.93 ,"4,697",0.01%,"154,415.133",0.02%,32.875 ,142.682,0.18%,0.030 ,288.003,0.14%,0.061 ,"$9,243,917",0.08%,"$1,968 ","$1,580,864",0.26%,$337 ,"$963,704",0.02%,$205 ,"$11,788,485",0.07%,"$2,510 ",,
Jim Wells,126,CRP,Corpus Christi,865 ,0.33%,0.02 ,"39,837",0.15%,1.04 ,"38,468",0.12%,"1,187,437.903",0.19%,30.868 ,273.677,0.34%,0.007 ,714.920,0.36%,0.019 ,"$44,768,307",0.37%,"$1,164 ","$2,163,969",0.36%,$56 ,"$4,494,784",0.11%,$117 ,"$51,427,060",0.31%,"$1,337 ",,
Johnson,127,FTW,Fort Worth,725 ,0.28%,0.00 ,"205,443",0.76%,0.98 ,"209,341",0.66%,"3,971,562.382",0.64%,18.972 ,415.104,0.51%,0.002 ,"1,005.822",0.50%,0.005 ,"$59,856,946",0.50%,$286 ,"$2,496,854",0.41%,$12 ,"$23,434,549",0.58%,$112 ,"$85,788,349",0.51%,$410 ,,
Jones,128,ABL,Abilene,929 ,0.36%,0.04 ,"19,746",0.07%,0.94 ,"21,101",0.07%,"581,200.172",0.09%,27.544 ,446.015,0.55%,0.021 ,"1,005.147",0.50%,0.048 ,"$20,826,816",0.17%,$987 ,"$3,846,720",0.64%,$182 ,"$13,152,628",0.33%,$623 ,"$37,826,164",0.23%,"$1,793 ",,
Karnes,129,CRP,Corpus Christi,748 ,0.29%,0.05 ,"21,317",0.08%,1.40 ,"15,196",0.05%,"754,340.591",0.12%,49.641 ,336.303,0.41%,0.022 ,708.574,0.35%,0.047 ,"$31,322,999",0.26%,"$2,061 ","$3,352,025",0.55%,$221 ,"$9,695,152",0.24%,$638 ,"$44,370,176",0.27%,"$2,920 ",,
Kaufman,130,DAL,Dallas,781 ,0.30%,0.00 ,"170,855",0.63%,0.85 ,"200,711",0.64%,"5,360,482.422",0.86%,26.707 ,501.928,0.62%,0.003 ,"1,235.077",0.61%,0.006 ,"$103,803,269",0.86%,$517 ,"$4,505,314",0.74%,$22 ,"$25,339,574",0.63%,$126 ,"$133,648,156",0.80%,$666 ,,
Kendall,131,SAT,San Antonio,662 ,0.25%,0.01 ,"72,230",0.27%,1.42 ,"50,790",0.16%,"1,539,973.211",0.25%,30.320 ,195.028,0.24%,0.004 ,457.169,0.23%,0.009 ,"$12,548,037",0.10%,$247 ,"$1,950,019",0.32%,$38 ,"$17,193,747",0.43%,$339 ,"$31,691,803",0.19%,$624 ,,
Kenedy,66,PHR,Pharr,"1,459 ",0.56%,4.32 ,949,0.00%,2.81 ,338,0.00%,"467,163.283",0.07%,"1,382.140 ",49.330,0.06%,0.146 ,192.050,0.10%,0.568 ,"$54,915,689",0.45%,"$162,472 ","$127,150",0.02%,$376 ,"$500,554",0.01%,"$1,481 ","$55,543,392",0.33%,"$164,330 ",,
Kent,132,ABL,Abilene,903 ,0.35%,1.24 ,"1,052",0.00%,1.44 ,730,0.00%,"53,867.144",0.01%,73.791 ,161.351,0.20%,0.221 ,322.702,0.16%,0.442 ,"-$302,187",0.00%,($414),"$932,484",0.15%,"$1,277 ","$1,191,174",0.03%,"$1,632 ","$1,821,471",0.01%,"$2,495 ",,
Kerr,133,SAT,San Antonio,"1,103 ",0.42%,0.02 ,"65,442",0.24%,1.21 ,"53,984",0.17%,"1,561,340.520",0.25%,28.922 ,291.175,0.36%,0.005 ,711.771,0.35%,0.013 ,"$3,153,910",0.03%,$58 ,"$1,874,114",0.31%,$35 ,"$5,774,296",0.14%,$107 ,"$10,802,321",0.06%,$200 ,,
Kimble,134,SJT,San Angelo,"1,251 ",0.48%,0.29 ,"6,944",0.03%,1.58 ,"4,383",0.01%,"772,260.284",0.12%,176.194 ,296.004,0.36%,0.068 ,686.406,0.34%,0.157 ,"$2,516,534",0.02%,$574 ,"$1,035,216",0.17%,$236 ,"$7,476,702",0.19%,"$1,706 ","$11,028,452",0.07%,"$2,516 ",,
King,135,CHS,Childress,911 ,0.35%,3.40 ,441,0.00%,1.65 ,268,0.00%,"90,561.281",0.01%,337.915 ,93.644,0.12%,0.349 ,228.721,0.11%,0.853 ,"$265,082",0.00%,$989 ,"$981,404",0.16%,"$3,662 ","$236,455",0.01%,$882 ,"$1,482,940",0.01%,"$5,533 ",,
Kinney,136,LRD,Laredo,"1,361 ",0.52%,0.44 ,"3,823",0.01%,1.23 ,"3,108",0.01%,"227,690.937",0.04%,73.260 ,203.611,0.25%,0.066 ,407.222,0.20%,0.131 ,"$299,875",0.00%,$96 ,"$1,504,720",0.25%,$484 ,"$561,315",0.01%,$181 ,"$2,365,909",0.01%,$761 ,,
Kleberg,137,CRP,Corpus Christi,881 ,0.34%,0.03 ,"26,225",0.10%,0.85 ,"31,032",0.10%,"875,115.617",0.14%,28.200 ,160.046,0.20%,0.005 ,390.118,0.19%,0.013 ,"$54,008,213",0.45%,"$1,740 ","$1,884,656",0.31%,$61 ,"$4,107,423",0.10%,$132 ,"$60,000,291",0.36%,"$1,933 ",,
Knox,138,CHS,Childress,851 ,0.33%,0.26 ,"4,299",0.02%,1.32 ,"3,246",0.01%,"165,836.595",0.03%,51.090 ,219.509,0.27%,0.068 ,469.558,0.23%,0.145 ,"$5,421,171",0.04%,"$1,670 ","$2,011,732",0.33%,$620 ,"$849,594",0.02%,$262 ,"$8,282,497",0.05%,"$2,552 ",,
Lamar,139,PAR,Paris,907 ,0.35%,0.02 ,"13,642",0.05%,0.26 ,"51,503",0.16%,"1,461,060.592",0.23%,28.368 ,448.062,0.55%,0.009 ,"1,013.906",0.50%,0.020 ,"$31,498,582",0.26%,$612 ,"$3,948,944",0.65%,$77 ,"$16,093,189",0.40%,$312 ,"$51,540,715",0.31%,"$1,001 ",,
Lamb,140,LBB,Lubbock,"1,016 ",0.39%,0.08 ,"30,549",0.11%,2.42 ,"12,620",0.04%,"490,529.841",0.08%,38.869 ,359.109,0.44%,0.028 ,802.228,0.40%,0.064 ,"$5,650,334",0.05%,$448 ,"$2,114,074",0.35%,$168 ,"$847,911",0.02%,$67 ,"$8,612,320",0.05%,$682 ,,
Lampasas,141,BWD,Brownwood,713 ,0.27%,0.03 ,"8,160",0.03%,0.35 ,"23,572",0.07%,"698,943.083",0.11%,29.651 ,218.605,0.27%,0.009 ,527.648,0.26%,0.022 ,"$14,587,839",0.12%,$619 ,"$1,785,301",0.29%,$76 ,"$10,191,407",0.25%,$432 ,"$26,564,547",0.16%,"$1,127 ",,
La Salle,142,LRD,Laredo,"1,487 ",0.57%,0.22 ,"54,688",0.20%,8.12 ,"6,735",0.02%,"1,228,115.453",0.20%,182.348 ,277.731,0.34%,0.041 ,648.676,0.32%,0.096 ,"$11,588,048",0.10%,"$1,721 ","$1,193,249",0.20%,$177 ,"$3,243,325",0.08%,$482 ,"$16,024,621",0.10%,"$2,379 ",,
Lavaca,143,YKM,Yoakum,970 ,0.37%,0.05 ,"32,219",0.12%,1.54 ,"20,919",0.07%,"610,673.825",0.10%,29.192 ,317.170,0.39%,0.015 ,667.307,0.33%,0.032 ,"$9,167,537",0.08%,$438 ,"$3,056,210",0.50%,$146 ,"$16,561,021",0.41%,$792 ,"$28,784,768",0.17%,"$1,376 ",,
Lee,144,AUS,Austin,629 ,0.24%,0.03 ,"27,924",0.10%,1.51 ,"18,432",0.06%,"951,584.494",0.15%,51.627 ,193.525,0.24%,0.010 ,519.285,0.26%,0.028 ,"$5,085,778",0.04%,$276 ,"$1,750,963",0.29%,$95 ,"$3,504,032",0.09%,$190 ,"$10,340,772",0.06%,$561 ,,
Leon,145,BRY,Bryan,"1,073 ",0.41%,0.06 ,"25,560",0.09%,1.51 ,"16,884",0.05%,"1,867,620.169",0.30%,110.615 ,387.905,0.48%,0.023 ,835.732,0.42%,0.049 ,"$13,389,816",0.11%,$793 ,"$2,649,505",0.44%,$157 ,"$7,960,981",0.20%,$472 ,"$24,000,302",0.14%,"$1,421 ",,
Liberty,146,BMT,Beaumont,"1,158 ",0.44%,0.01 ,"114,904",0.43%,0.97 ,"117,976",0.37%,"2,607,978.515",0.42%,22.106 ,404.521,0.50%,0.003 ,951.318,0.47%,0.008 ,"$57,816,211",0.48%,$490 ,"$3,077,088",0.51%,$26 ,"$23,265,464",0.58%,$197 ,"$84,158,764",0.50%,$713 ,,
Limestone,147,WAC,Waco,905 ,0.35%,0.04 ,"26,377",0.10%,1.20 ,"22,049",0.07%,"683,691.743",0.11%,31.008 ,378.858,0.47%,0.017 ,770.496,0.38%,0.035 ,"$11,185,078",0.09%,$507 ,"$2,342,152",0.39%,$106 ,"$4,476,164",0.11%,$203 ,"$18,003,394",0.11%,$817 ,,
Lipscomb,148,AMA,Amarillo,932 ,0.36%,0.34 ,"4,088",0.02%,1.49 ,"2,745",0.01%,"88,440.781",0.01%,32.219 ,197.853,0.24%,0.072 ,414.262,0.21%,0.151 ,"$9,396,818",0.08%,"$3,423 ","$1,387,346",0.23%,$505 ,"$2,287,896",0.06%,$833 ,"$13,072,060",0.08%,"$4,762 ",,
Live Oak,149,CRP,Corpus Christi,"1,040 ",0.40%,0.09 ,"15,543",0.06%,1.28 ,"12,111",0.04%,"1,597,257.934",0.26%,131.885 ,416.372,0.51%,0.034 ,"1,013.078",0.50%,0.084 ,"$24,887,428",0.21%,"$2,055 ","$2,552,850",0.42%,$211 ,"$3,652,029",0.09%,$302 ,"$31,092,307",0.19%,"$2,567 ",,
Llano,150,AUS,Austin,934 ,0.36%,0.04 ,"33,092",0.12%,1.43 ,"23,181",0.07%,"663,943.399",0.11%,28.642 ,227.682,0.28%,0.010 ,518.813,0.26%,0.022 ,"$2,574,501",0.02%,$111 ,"$1,185,085",0.20%,$51 ,"$5,855,855",0.15%,$253 ,"$9,615,441",0.06%,$415 ,,
Loving,151,ODA,Odessa,669 ,0.26%,12.16 ,271,0.00%,4.93 ,55,0.00%,"236,043.728",0.04%,"4,291.704 ",34.190,0.04%,0.622 ,68.380,0.03%,1.243 ,"$2,664,299",0.02%,"$48,442 ","$48,673",0.01%,$885 ,"$6,451,689",0.16%,"$117,303 ","$9,164,661",0.05%,"$166,630 ",,
Lubbock,152,LBB,Lubbock,896 ,0.34%,0.00 ,"274,556",1.02%,0.83 ,"329,582",1.04%,"4,386,263.359",0.70%,13.309 ,642.387,0.79%,0.002 ,"1,737.078",0.86%,0.005 ,"$94,833,336",0.78%,$288 ,"$4,348,462",0.72%,$13 ,"$44,572,860",1.11%,$135 ,"$143,754,658",0.86%,$436 ,,
Lynn,153,LBB,Lubbock,892 ,0.34%,0.14 ,"7,132",0.03%,1.13 ,"6,326",0.02%,"462,353.261",0.07%,73.088 ,318.013,0.39%,0.050 ,708.726,0.35%,0.112 ,"$534,965",0.00%,$85 ,"$1,533,972",0.25%,$242 ,"$1,631,598",0.04%,$258 ,"$3,700,536",0.02%,$585 ,,
Madison,154,BRY,Bryan,466 ,0.18%,0.03 ,"15,664",0.06%,1.10 ,"14,184",0.04%,"1,237,207.876",0.20%,87.226 ,264.313,0.33%,0.019 ,584.681,0.29%,0.041 ,"$30,293,753",0.25%,"$2,136 ","$2,111,277",0.35%,$149 ,"$6,926,992",0.17%,$488 ,"$39,332,022",0.24%,"$2,773 ",,
Marion,155,ATL,Atlanta,381 ,0.15%,0.04 ,"11,030",0.04%,1.10 ,"10,067",0.03%,"282,731.450",0.05%,28.085 ,150.194,0.19%,0.015 ,329.521,0.16%,0.033 ,"$18,522,260",0.15%,"$1,840 ","$939,401",0.16%,$93 ,"$682,129",0.02%,$68 ,"$20,143,790",0.12%,"$2,001 ",,
Martin,156,ODA,Odessa,915 ,0.35%,0.18 ,"7,649",0.03%,1.48 ,"5,154",0.02%,"1,137,331.558",0.18%,220.670 ,268.146,0.33%,0.052 ,642.850,0.32%,0.125 ,"$9,490,894",0.08%,"$1,841 ","$1,875,103",0.31%,$364 ,"$5,980,971",0.15%,"$1,160 ","$17,346,967",0.10%,"$3,366 ",,
Mason,157,AUS,Austin,929 ,0.36%,0.23 ,"7,290",0.03%,1.78 ,"4,086",0.01%,"209,637.764",0.03%,51.306 ,192.414,0.24%,0.047 ,418.464,0.21%,0.102 ,"$4,381,595",0.04%,"$1,072 ","$1,240,875",0.20%,$304 ,"$5,966,784",0.15%,"$1,460 ","$11,589,253",0.07%,"$2,836 ",,
Matagorda,158,YKM,Yoakum,"1,093 ",0.42%,0.03 ,"38,634",0.14%,1.06 ,"36,405",0.12%,"899,449.233",0.14%,24.707 ,319.771,0.39%,0.009 ,710.317,0.35%,0.020 ,"$7,303,049",0.06%,$201 ,"$2,240,586",0.37%,$62 ,"$17,943,981",0.45%,$493 ,"$27,487,616",0.16%,$755 ,,
Maverick,159,LRD,Laredo,"1,279 ",0.49%,0.02 ,"54,698",0.20%,0.93 ,"58,621",0.19%,"998,346.077",0.16%,17.031 ,222.254,0.27%,0.004 ,511.310,0.25%,0.009 ,"$12,373,314",0.10%,$211 ,"$2,250,435",0.37%,$38 ,"$7,238,498",0.18%,$123 ,"$21,862,246",0.13%,$373 ,,
McCulloch,160,BWD,Brownwood,"1,066 ",0.41%,0.14 ,"9,893",0.04%,1.32 ,"7,489",0.02%,"353,731.366",0.06%,47.233 ,297.178,0.37%,0.040 ,615.911,0.31%,0.082 ,"$1,920,685",0.02%,$256 ,"$1,557,451",0.26%,$208 ,"$823,887",0.02%,$110 ,"$4,302,023",0.03%,$574 ,,
McLennan,161,WAC,Waco,"1,037 ",0.40%,0.00 ,"243,363",0.90%,0.90 ,"270,957",0.86%,"7,741,239.559",1.24%,28.570 ,654.224,0.81%,0.002 ,"1,765.775",0.88%,0.007 ,"$69,533,964",0.58%,$257 ,"$4,011,821",0.66%,$15 ,"$49,881,964",1.24%,$184 ,"$123,427,750",0.74%,$456 ,,
McMullen,162,SAT,San Antonio,"1,140 ",0.44%,2.02 ,"1,854",0.01%,3.29 ,563,0.00%,"218,998.347",0.04%,388.985 ,159.836,0.20%,0.284 ,324.587,0.16%,0.577 ,"$549,878",0.00%,$977 ,"$980,030",0.16%,"$1,741 ","$536,100",0.01%,$952 ,"$2,066,008",0.01%,"$3,670 ",,
Medina,163,SAT,San Antonio,"1,325 ",0.51%,0.02 ,"65,115",0.24%,1.15 ,"56,647",0.18%,"1,683,062.094",0.27%,29.711 ,327.842,0.40%,0.006 ,772.367,0.38%,0.014 ,"$10,406,083",0.09%,$184 ,"$3,254,526",0.54%,$57 ,"$8,193,962",0.20%,$145 ,"$21,854,571",0.13%,$386 ,,
Menard,164,SJT,San Angelo,902 ,0.35%,0.48 ,"3,131",0.01%,1.67 ,"1,877",0.01%,"249,301.317",0.04%,132.819 ,169.886,0.21%,0.091 ,348.444,0.17%,0.186 ,"$2,190,134",0.02%,"$1,167 ","$567,835",0.09%,$303 ,"$2,454,984",0.06%,"$1,308 ","$5,212,953",0.03%,"$2,777 ",,
Midland,165,ODA,Odessa,900 ,0.34%,0.00 ,"257,094",0.95%,1.39 ,"184,344",0.58%,"5,085,936.151",0.81%,27.589 ,410.569,0.51%,0.002 ,"1,076.664",0.53%,0.006 ,"$140,642,410",1.16%,$763 ,"$2,074,262",0.34%,$11 ,"$52,735,893",1.31%,$286 ,"$195,452,565",1.17%,"$1,060 ",,
Milam,166,BRY,Bryan,"1,016 ",0.39%,0.04 ,"33,030",0.12%,1.26 ,"26,199",0.08%,"948,606.506",0.15%,36.208 ,334.241,0.41%,0.013 ,712.316,0.35%,0.027 ,"$8,839,160",0.07%,$337 ,"$3,464,596",0.57%,$132 ,"$7,160,041",0.18%,$273 ,"$19,463,797",0.12%,$743 ,,
Mills,167,BWD,Brownwood,748 ,0.29%,0.16 ,"7,798",0.03%,1.71 ,"4,547",0.01%,"262,586.332",0.04%,57.749 ,209.243,0.26%,0.046 ,462.645,0.23%,0.102 ,"$9,623,808",0.08%,"$2,117 ","$911,143",0.15%,$200 ,"$3,067,234",0.08%,$675 ,"$13,602,185",0.08%,"$2,991 ",,
Mitchell,168,ABL,Abilene,911 ,0.35%,0.10 ,"7,550",0.03%,0.85 ,"8,858",0.03%,"756,883.856",0.12%,85.446 ,297.767,0.37%,0.034 ,662.620,0.33%,0.075 ,"$2,069,509",0.02%,$234 ,"$1,732,549",0.29%,$196 ,"$9,564,048",0.24%,"$1,080 ","$13,366,106",0.08%,"$1,509 ",,
Montague,169,WFS,Wichita Falls,931 ,0.36%,0.04 ,"29,153",0.11%,1.30 ,"22,362",0.07%,"823,561.254",0.13%,36.829 ,386.491,0.48%,0.017 ,880.046,0.44%,0.039 ,"$17,609,119",0.15%,$787 ,"$2,910,210",0.48%,$130 ,"$6,388,768",0.16%,$286 ,"$26,908,096",0.16%,"$1,203 ",,
Montgomery,170,HOU,Houston,"1,042 ",0.40%,0.00 ,"672,464",2.49%,0.87 ,"775,723",2.46%,"13,425,597.934",2.15%,17.307 ,539.958,0.67%,0.001 ,"1,657.608",0.82%,0.002 ,"$206,646,365",1.71%,$266 ,"$1,816,670",0.30%,$2 ,"$34,191,412",0.85%,$44 ,"$242,654,447",1.45%,$313 ,,
Moore,171,AMA,Amarillo,900 ,0.34%,0.04 ,"25,941",0.10%,1.17 ,"22,110",0.07%,"593,256.638",0.10%,26.832 ,201.988,0.25%,0.009 ,486.795,0.24%,0.022 ,"$23,078,884",0.19%,"$1,044 ","$1,545,501",0.26%,$70 ,"$4,435,375",0.11%,$201 ,"$29,059,759",0.17%,"$1,314 ",,
Morris,172,ATL,Atlanta,252 ,0.10%,0.02 ,"14,308",0.05%,1.19 ,"11,994",0.04%,"476,059.572",0.08%,39.691 ,135.094,0.17%,0.011 ,360.211,0.18%,0.030 ,"$4,197,262",0.03%,$350 ,"$725,475",0.12%,$60 ,"$1,974,083",0.05%,$165 ,"$6,896,820",0.04%,$575 ,,
Motley,173,CHS,Childress,990 ,0.38%,0.96 ,"1,702",0.01%,1.64 ,"1,035",0.00%,"49,821.564",0.01%,48.137 ,165.110,0.20%,0.160 ,330.440,0.16%,0.319 ,"$187,548",0.00%,$181 ,"$1,020,934",0.17%,$986 ,"$407,923",0.01%,$394 ,"$1,616,405",0.01%,"$1,562 ",,
Nacogdoches,174,LFK,Lufkin,946 ,0.36%,0.01 ,"60,890",0.23%,0.95 ,"64,105",0.20%,"1,842,141.760",0.30%,28.736 ,403.835,0.50%,0.006 ,980.832,0.49%,0.015 ,"$32,011,514",0.26%,$499 ,"$4,477,364",0.74%,$70 ,"$16,701,857",0.42%,$261 ,"$53,190,734",0.32%,$830 ,,
Navarro,175,DAL,Dallas,"1,010 ",0.39%,0.02 ,"61,112",0.23%,1.09 ,"55,841",0.18%,"2,472,319.136",0.40%,44.274 ,523.695,0.65%,0.009 ,"1,276.480",0.63%,0.023 ,"$28,800,650",0.24%,$516 ,"$4,299,192",0.71%,$77 ,"$9,352,573",0.23%,$167 ,"$42,452,415",0.25%,$760 ,,
Newton,176,BMT,Beaumont,934 ,0.36%,0.08 ,"13,963",0.05%,1.18 ,"11,810",0.04%,"358,749.984",0.06%,30.377 ,272.693,0.34%,0.023 ,553.643,0.28%,0.047 ,"$2,861,519",0.02%,$242 ,"$1,421,594",0.23%,$120 ,"$1,697,376",0.04%,$144 ,"$5,980,489",0.04%,$506 ,,
Nolan,177,ABL,Abilene,912 ,0.35%,0.06 ,"14,744",0.05%,1.02 ,"14,432",0.05%,"1,203,876.814",0.19%,83.417 ,289.845,0.36%,0.020 ,691.160,0.34%,0.048 ,"$59,951,641",0.50%,"$4,154 ","$2,656,993",0.44%,$184 ,"$19,341,033",0.48%,"$1,340 ","$81,949,667",0.49%,"$5,678 ",,
Nueces,178,CRP,Corpus Christi,839 ,0.32%,0.00 ,"297,044",1.10%,0.83 ,"359,942",1.14%,"6,741,589.723",1.08%,18.730 ,576.894,0.71%,0.002 ,"1,661.209",0.83%,0.005 ,"$68,388,289",0.57%,$190 ,"$5,594,362",0.92%,$16 ,"$51,379,929",1.28%,$143 ,"$125,362,580",0.75%,$348 ,,
Ochiltree,179,AMA,Amarillo,918 ,0.35%,0.09 ,"11,995",0.04%,1.23 ,"9,759",0.03%,"249,519.330",0.04%,25.568 ,212.040,0.26%,0.022 ,431.619,0.21%,0.044 ,"$23,389,769",0.19%,"$2,397 ","$1,130,114",0.19%,$116 ,"$305,515",0.01%,$31 ,"$24,825,398",0.15%,"$2,544 ",,
Oldham,180,AMA,Amarillo,"1,501 ",0.57%,0.83 ,"3,022",0.01%,1.67 ,"1,812",0.01%,"886,792.860",0.14%,489.400 ,177.423,0.22%,0.098 ,471.729,0.23%,0.260 ,"$1,657,485",0.01%,$915 ,"$1,258,966",0.21%,$695 ,"$4,273,674",0.11%,"$2,359 ","$7,190,125",0.04%,"$3,968 ",,
Orange,181,BMT,Beaumont,334 ,0.13%,0.00 ,"83,164",0.31%,0.97 ,"85,934",0.27%,"2,993,644.274",0.48%,34.837 ,235.286,0.29%,0.003 ,660.031,0.33%,0.008 ,"$19,396,587",0.16%,$226 ,"$1,754,813",0.29%,$20 ,"$5,175,528",0.13%,$60 ,"$26,326,928",0.16%,$306 ,,
Palo Pinto,182,FTW,Fort Worth,953 ,0.36%,0.03 ,"36,136",0.13%,1.21 ,"29,927",0.09%,"1,216,860.133",0.19%,40.661 ,384.343,0.47%,0.013 ,837.688,0.42%,0.028 ,"$9,917,594",0.08%,$331 ,"$2,199,578",0.36%,$73 ,"$5,295,699",0.13%,$177 ,"$17,412,871",0.10%,$582 ,,
Panola,183,ATL,Atlanta,811 ,0.31%,0.04 ,"27,968",0.10%,1.22 ,"22,889",0.07%,"1,016,103.519",0.16%,44.393 ,318.099,0.39%,0.014 ,774.842,0.38%,0.034 ,"$33,050,342",0.27%,"$1,444 ","$2,082,497",0.34%,$91 ,"$10,053,000",0.25%,$439 ,"$45,185,838",0.27%,"$1,974 ",,
Parker,184,FTW,Fort Worth,904 ,0.35%,0.01 ,"190,757",0.71%,1.07 ,"179,074",0.57%,"4,486,223.607",0.72%,25.052 ,358.375,0.44%,0.002 ,903.435,0.45%,0.005 ,"$59,376,886",0.49%,$332 ,"$2,595,812",0.43%,$14 ,"$26,078,383",0.65%,$146 ,"$88,051,082",0.53%,$492 ,,
Parmer,185,LBB,Lubbock,881 ,0.34%,0.09 ,"10,333",0.04%,1.11 ,"9,288",0.03%,"453,368.130",0.07%,48.812 ,253.446,0.31%,0.027 ,612.230,0.30%,0.066 ,"$35,859,928",0.30%,"$3,861 ","$1,822,832",0.30%,$196 ,"$3,981,709",0.10%,$429 ,"$41,664,468",0.25%,"$4,486 ",,
Pecos,186,ODA,Odessa,"4,764 ",1.82%,0.30 ,"16,558",0.06%,1.05 ,"15,744",0.05%,"1,324,568.402",0.21%,84.132 ,719.347,0.89%,0.046 ,"1,685.924",0.84%,0.107 ,"$30,262,742",0.25%,"$1,922 ","$2,405,682",0.40%,$153 ,"$9,581,188",0.24%,$609 ,"$42,249,612",0.25%,"$2,684 ",,
Polk,187,LFK,Lufkin,"1,057 ",0.40%,0.02 ,"61,660",0.23%,1.13 ,"54,730",0.17%,"1,861,833.124",0.30%,34.019 ,364.942,0.45%,0.007 ,867.080,0.43%,0.016 ,"$62,871,121",0.52%,"$1,149 ","$3,680,278",0.61%,$67 ,"$14,842,002",0.37%,$271 ,"$81,393,401",0.49%,"$1,487 ",,
Potter,188,AMA,Amarillo,908 ,0.35%,0.01 ,"108,163",0.40%,0.92 ,"117,502",0.37%,"2,955,729.702",0.47%,25.155 ,307.567,0.38%,0.003 ,923.335,0.46%,0.008 ,"$41,600,991",0.34%,$354 ,"$4,327,712",0.71%,$37 ,"$55,127,844",1.37%,$469 ,"$101,056,547",0.60%,$860 ,,
Presidio,189,ELP,El Paso,"3,855 ",1.48%,0.62 ,"8,120",0.03%,1.31 ,"6,187",0.02%,"214,057.635",0.03%,34.598 ,270.893,0.33%,0.044 ,554.260,0.28%,0.090 ,"$18,957,478",0.16%,"$3,064 ","$1,030,570",0.17%,$167 ,"$3,743,877",0.09%,$605 ,"$23,731,925",0.14%,"$3,836 ",,
Rains,190,PAR,Paris,229 ,0.09%,0.02 ,"17,608",0.07%,1.30 ,"13,512",0.04%,"378,225.770",0.06%,27.992 ,133.563,0.16%,0.010 ,268.634,0.13%,0.020 ,"$253,826",0.00%,$19 ,"$735,464",0.12%,$54 ,"$1,842,690",0.05%,$136 ,"$2,831,980",0.02%,$210 ,,
Randall,191,AMA,Amarillo,913 ,0.35%,0.01 ,"153,229",0.57%,1.01 ,"151,067",0.48%,"1,837,798.299",0.29%,12.165 ,371.279,0.46%,0.002 ,936.789,0.47%,0.006 ,"$37,178,388",0.31%,$246 ,"$3,124,042",0.52%,$21 ,"$103,739,096",2.58%,$687 ,"$144,041,526",0.86%,$953 ,,
Reagan,192,SJT,San Angelo,"1,175 ",0.45%,0.34 ,"5,191",0.02%,1.52 ,"3,414",0.01%,"376,536.963",0.06%,110.292 ,158.546,0.20%,0.046 ,319.196,0.16%,0.093 ,"$1,885,145",0.02%,$552 ,"$857,998",0.14%,$251 ,"$2,515,330",0.06%,$737 ,"$5,258,473",0.03%,"$1,540 ",,
Real,193,SJT,San Angelo,699 ,0.27%,0.26 ,"4,770",0.02%,1.74 ,"2,737",0.01%,"109,087.719",0.02%,39.857 ,147.661,0.18%,0.054 ,295.322,0.15%,0.108 ,"$147,779",0.00%,$54 ,"$578,083",0.10%,$211 ,"$445,553",0.01%,$163 ,"$1,171,415",0.01%,$428 ,,
Red River,194,PAR,Paris,"1,044 ",0.40%,0.09 ,"15,076",0.06%,1.28 ,"11,793",0.04%,"485,133.426",0.08%,41.137 ,374.215,0.46%,0.032 ,759.850,0.38%,0.064 ,"$5,629,484",0.05%,$477 ,"$2,544,839",0.42%,$216 ,"$13,946,862",0.35%,"$1,183 ","$22,121,185",0.13%,"$1,876 ",,
Reeves,195,ODA,Odessa,"2,635 ",1.01%,0.18 ,"17,663",0.07%,1.17 ,"15,034",0.05%,"1,778,554.779",0.28%,118.302 ,490.388,0.60%,0.033 ,"1,177.046",0.58%,0.078 ,"$82,381,889",0.68%,"$5,480 ","$2,669,556",0.44%,$178 ,"$41,621,423",1.04%,"$2,768 ","$126,672,868",0.76%,"$8,426 ",,
Refugio,196,CRP,Corpus Christi,770 ,0.29%,0.11 ,"8,262",0.03%,1.21 ,"6,848",0.02%,"822,834.805",0.13%,120.157 ,193.722,0.24%,0.028 ,491.348,0.24%,0.072 ,"$11,623,917",0.10%,"$1,697 ","$2,348,673",0.39%,$343 ,"$7,295,600",0.18%,"$1,065 ","$21,268,190",0.13%,"$3,106 ",,
Roberts,197,AMA,Amarillo,924 ,0.35%,1.14 ,"1,399",0.01%,1.72 ,813,0.00%,"80,645.921",0.01%,99.195 ,120.319,0.15%,0.148 ,243.505,0.12%,0.300 ,"$5,576,957",0.05%,"$6,860 ","$320,869",0.05%,$395 ,"$212,911",0.01%,$262 ,"$6,110,736",0.04%,"$7,516 ",,
Robertson,198,BRY,Bryan,855 ,0.33%,0.05 ,"23,042",0.09%,1.31 ,"17,653",0.06%,"1,041,750.881",0.17%,59.013 ,294.521,0.36%,0.017 ,660.858,0.33%,0.037 ,"$13,022,694",0.11%,$738 ,"$2,646,101",0.44%,$150 ,"$10,872,626",0.27%,$616 ,"$26,541,420",0.16%,"$1,504 ",,
Rockwall,199,DAL,Dallas,127 ,0.05%,0.00 ,"117,260",0.43%,0.87 ,"135,364",0.43%,"3,011,488.192",0.48%,22.247 ,141.770,0.17%,0.001 ,366.233,0.18%,0.003 ,"$130,473,879",1.08%,$964 ,"$721,439",0.12%,$5 ,"-$2,607,737",-0.06%,($19),"$128,587,581",0.77%,$950 ,,
Runnels,200,SJT,San Angelo,"1,051 ",0.40%,0.11 ,"13,105",0.05%,1.36 ,"9,611",0.03%,"476,422.293",0.08%,49.571 ,342.703,0.42%,0.036 ,734.378,0.36%,0.076 ,"$13,384,046",0.11%,"$1,393 ","$1,558,647",0.26%,$162 ,"$10,440,548",0.26%,"$1,086 ","$25,383,240",0.15%,"$2,641 ",,
Rusk,201,TYL,Tyler,924 ,0.35%,0.02 ,"55,587",0.21%,1.04 ,"53,498",0.17%,"1,377,320.504",0.22%,25.745 ,520.821,0.64%,0.010 ,"1,175.876",0.58%,0.022 ,"$29,235,505",0.24%,$546 ,"$6,919,732",1.14%,$129 ,"$30,944,425",0.77%,$578 ,"$67,099,663",0.40%,"$1,254 ",,
Sabine,202,LFK,Lufkin,492 ,0.19%,0.05 ,"13,870",0.05%,1.39 ,"9,984",0.03%,"282,129.596",0.05%,28.258 ,237.164,0.29%,0.024 ,482.486,0.24%,0.048 ,"$3,040,794",0.03%,$305 ,"$2,256,493",0.37%,$226 ,"$3,854,081",0.10%,$386 ,"$9,151,369",0.05%,$917 ,,
San Augustine,203,LFK,Lufkin,531 ,0.20%,0.07 ,"10,040",0.04%,1.27 ,"7,887",0.02%,"275,345.801",0.04%,34.911 ,263.854,0.33%,0.033 ,537.995,0.27%,0.068 ,"$9,284,037",0.08%,"$1,177 ","$5,028,973",0.83%,$638 ,"$8,761,286",0.22%,"$1,111 ","$23,074,296",0.14%,"$2,926 ",,
San Jacinto,204,LFK,Lufkin,569 ,0.22%,0.02 ,"33,210",0.12%,1.15 ,"28,777",0.09%,"913,057.729",0.15%,31.729 ,243.789,0.30%,0.008 ,533.840,0.27%,0.019 ,"$28,670,718",0.24%,$996 ,"$2,221,797",0.37%,$77 ,"$7,995,315",0.20%,$278 ,"$38,887,830",0.23%,"$1,351 ",,
San Patricio,205,CRP,Corpus Christi,693 ,0.27%,0.01 ,"72,432",0.27%,1.01 ,"71,946",0.23%,"2,423,641.019",0.39%,33.687 ,378.275,0.47%,0.005 ,998.342,0.50%,0.014 ,"$29,211,579",0.24%,$406 ,"$3,082,829",0.51%,$43 ,"$22,508,024",0.56%,$313 ,"$54,802,433",0.33%,$762 ,,
San Saba,206,BWD,Brownwood,"1,135 ",0.43%,0.20 ,"8,460",0.03%,1.50 ,"5,626",0.02%,"195,883.925",0.03%,34.818 ,216.036,0.27%,0.038 ,436.976,0.22%,0.078 ,"$6,165,179",0.05%,"$1,096 ","$1,795,211",0.30%,$319 ,"$16,043,504",0.40%,"$2,852 ","$24,003,894",0.14%,"$4,267 ",,
Schleicher,207,SJT,San Angelo,"1,311 ",0.50%,0.59 ,"4,162",0.02%,1.86 ,"2,238",0.01%,"118,209.866",0.02%,52.819 ,178.622,0.22%,0.080 ,361.468,0.18%,0.162 ,"$523,743",0.00%,$234 ,"$984,828",0.16%,$440 ,"$1,078,224",0.03%,$482 ,"$2,586,795",0.02%,"$1,156 ",,
Scurry,208,ABL,Abilene,905 ,0.35%,0.06 ,"24,590",0.09%,1.53 ,"16,044",0.05%,"670,074.937",0.11%,41.765 ,289.848,0.36%,0.018 ,687.047,0.34%,0.043 ,"$18,489,832",0.15%,"$1,152 ","$2,619,381",0.43%,$163 ,"$14,599,782",0.36%,$910 ,"$35,708,994",0.21%,"$2,226 ",,
Shackelford,209,ABL,Abilene,914 ,0.35%,0.31 ,"4,438",0.02%,1.51 ,"2,938",0.01%,"159,333.526",0.03%,54.232 ,174.524,0.21%,0.059 ,355.006,0.18%,0.121 ,"$4,334,948",0.04%,"$1,475 ","$887,509",0.15%,$302 ,"$2,223,088",0.06%,$757 ,"$7,445,546",0.04%,"$2,534 ",,
Shelby,210,LFK,Lufkin,796 ,0.30%,0.03 ,"29,594",0.11%,1.23 ,"24,094",0.08%,"784,777.506",0.13%,32.571 ,383.506,0.47%,0.016 ,874.760,0.43%,0.036 ,"$3,700,891",0.03%,$154 ,"$2,593,274",0.43%,$108 ,"$12,171,082",0.30%,$505 ,"$18,465,247",0.11%,$766 ,,
Sherman,211,AMA,Amarillo,923 ,0.35%,0.33 ,"3,225",0.01%,1.16 ,"2,773",0.01%,"284,651.938",0.05%,102.651 ,194.871,0.24%,0.070 ,444.773,0.22%,0.160 ,"$2,703,042",0.02%,$975 ,"$2,520,656",0.42%,$909 ,"$944,308",0.02%,$341 ,"$6,168,006",0.04%,"$2,224 ",,
Smith,212,TYL,Tyler,921 ,0.35%,0.00 ,"248,792",0.92%,1.02 ,"245,101",0.78%,"5,946,792.360",0.95%,24.263 ,595.588,0.73%,0.002 ,"1,615.852",0.80%,0.007 ,"$70,196,102",0.58%,$286 ,"$6,472,906",1.07%,$26 ,"$34,109,404",0.85%,$139 ,"$110,778,412",0.66%,$452 ,,
Somervell,213,FTW,Fort Worth,186 ,0.07%,0.02 ,"12,756",0.05%,1.24 ,"10,288",0.03%,"329,236.769",0.05%,32.002 ,91.405,0.11%,0.009 ,199.494,0.10%,0.019 ,"$2,055,891",0.02%,$200 ,"$642,416",0.11%,$62 ,"$2,000,435",0.05%,$194 ,"$4,698,742",0.03%,$457 ,,
Starr,214,PHR,Pharr,"1,223 ",0.47%,0.02 ,"61,015",0.23%,0.91 ,"66,763",0.21%,"1,091,165.375",0.17%,16.344 ,232.658,0.29%,0.003 ,558.534,0.28%,0.008 ,"$33,376,389",0.28%,$500 ,"$1,563,833",0.26%,$23 ,"$3,903,725",0.10%,$58 ,"$38,843,948",0.23%,$582 ,,
Stephens,215,BWD,Brownwood,897 ,0.34%,0.10 ,"10,301",0.04%,1.12 ,"9,210",0.03%,"265,481.024",0.04%,28.825 ,266.385,0.33%,0.029 ,559.277,0.28%,0.061 ,"$2,045,388",0.02%,$222 ,"$1,336,367",0.22%,$145 ,"$5,020,492",0.12%,$545 ,"$8,402,247",0.05%,$912 ,,
Sterling,216,SJT,San Angelo,923 ,0.35%,0.68 ,"2,367",0.01%,1.75 ,"1,350",0.00%,"273,622.625",0.04%,202.683 ,108.580,0.13%,0.080 ,308.871,0.15%,0.229 ,"$13,542,307",0.11%,"$10,031 ","$389,793",0.06%,$289 ,"$231,159",0.01%,$171 ,"$14,163,259",0.08%,"$10,491 ",,
Stonewall,217,ABL,Abilene,916 ,0.35%,0.74 ,"1,962",0.01%,1.59 ,"1,237",0.00%,"78,641.640",0.01%,63.574 ,163.227,0.20%,0.132 ,326.822,0.16%,0.264 ,"$6,694,360",0.06%,"$5,412 ","$1,114,254",0.18%,$901 ,"$2,059,675",0.05%,"$1,665 ","$9,868,289",0.06%,"$7,978 ",,
Sutton,218,SJT,San Angelo,"1,454 ",0.56%,0.43 ,"5,607",0.02%,1.67 ,"3,350",0.01%,"713,556.790",0.11%,213.002 ,240.655,0.30%,0.072 ,591.324,0.29%,0.177 ,"$912,599",0.01%,$272 ,"$495,143",0.08%,$148 ,"$3,757,355",0.09%,"$1,122 ","$5,165,097",0.03%,"$1,542 ",,
Swisher,219,LBB,Lubbock,890 ,0.34%,0.13 ,"7,081",0.03%,1.04 ,"6,790",0.02%,"455,447.457",0.07%,67.076 ,351.229,0.43%,0.052 ,819.054,0.41%,0.121 ,"$958,914",0.01%,$141 ,"$1,502,131",0.25%,$221 ,"$1,980,355",0.05%,$292 ,"$4,441,399",0.03%,$654 ,,
Tarrant,220,FTW,Fort Worth,865 ,0.33%,0.00 ,"1,743,345",6.47%,0.78 ,"2,245,229",7.11%,"37,894,703.796",6.07%,16.878 ,902.197,1.11%,0.000 ,"3,548.462",1.76%,0.002 ,"$703,870,489",5.82%,$313 ,"$10,592,555",1.75%,$5 ,"$104,692,940",2.61%,$47 ,"$819,155,984",4.90%,$365 ,,
Taylor,221,ABL,Abilene,916 ,0.35%,0.01 ,"137,904",0.51%,0.92 ,"149,153",0.47%,"2,964,665.286",0.47%,19.877 ,483.962,0.60%,0.003 ,"1,198.001",0.60%,0.008 ,"$44,146,982",0.37%,$296 ,"$3,149,746",0.52%,$21 ,"$24,144,786",0.60%,$162 ,"$71,441,514",0.43%,$479 ,,
Terrell,222,ODA,Odessa,"2,358 ",0.90%,3.20 ,"1,105",0.00%,1.50 ,737,0.00%,"113,946.482",0.02%,154.609 ,175.831,0.22%,0.239 ,374.616,0.19%,0.508 ,"$4,464,619",0.04%,"$6,058 ","$544,895",0.09%,$739 ,"$1,004,475",0.02%,"$1,363 ","$6,013,989",0.04%,"$8,160 ",,
Terry,223,LBB,Lubbock,889 ,0.34%,0.08 ,"12,259",0.05%,1.06 ,"11,581",0.04%,"585,969.664",0.09%,50.598 ,275.040,0.34%,0.024 ,628.122,0.31%,0.054 ,"$6,526,670",0.05%,$564 ,"$986,223",0.16%,$85 ,"$15,197,071",0.38%,"$1,312 ","$22,709,964",0.14%,"$1,961 ",,
Throckmorton,224,WFS,Wichita Falls,913 ,0.35%,0.58 ,"2,215",0.01%,1.40 ,"1,587",0.01%,"61,631.410",0.01%,38.835 ,169.418,0.21%,0.107 ,342.880,0.17%,0.216 ,"$8,940,439",0.07%,"$5,634 ","$1,336,981",0.22%,$842 ,"$4,159,643",0.10%,"$2,621 ","$14,437,063",0.09%,"$9,097 ",,
Titus,225,ATL,Atlanta,406 ,0.16%,0.01 ,"33,598",0.12%,1.06 ,"31,626",0.10%,"1,201,995.094",0.19%,38.007 ,238.270,0.29%,0.008 ,592.158,0.29%,0.019 ,"$16,891,272",0.14%,$534 ,"$2,052,181",0.34%,$65 ,"$7,874,360",0.20%,$249 ,"$26,817,813",0.16%,$848 ,,
Tom Green,226,SJT,San Angelo,"1,522 ",0.58%,0.01 ,"125,170",0.46%,1.01 ,"123,326",0.39%,"2,016,228.964",0.32%,16.349 ,399.760,0.49%,0.003 ,"1,060.804",0.53%,0.009 ,"$32,755,752",0.27%,$266 ,"$5,456,853",0.90%,$44 ,"$14,866,340",0.37%,$121 ,"$53,078,945",0.32%,$430 ,,
Travis,227,AUS,Austin,994 ,0.38%,0.00 ,"1,003,803",3.72%,0.72 ,"1,395,906",4.42%,"22,808,074.936",3.65%,16.339 ,618.590,0.76%,0.000 ,"2,204.678",1.10%,0.002 ,"$664,908,045",5.50%,$476 ,"$4,440,702",0.73%,$3 ,"$328,798,803",8.18%,$236 ,"$998,147,550",5.97%,$715 ,,
Trinity,228,LFK,Lufkin,694 ,0.27%,0.05 ,"17,891",0.07%,1.23 ,"14,510",0.05%,"401,790.632",0.06%,27.691 ,214.546,0.26%,0.015 ,442.810,0.22%,0.031 ,"$1,439,116",0.01%,$99 ,"$2,539,706",0.42%,$175 ,"$5,782,522",0.14%,$399 ,"$9,761,344",0.06%,$673 ,,
Tyler,229,BMT,Beaumont,924 ,0.35%,0.04 ,"23,624",0.09%,1.15 ,"20,574",0.07%,"591,703.608",0.09%,28.760 ,250.120,0.31%,0.012 ,516.643,0.26%,0.025 ,"$56,847,328",0.47%,"$2,763 ","$2,165,796",0.36%,$105 ,"$17,594,462",0.44%,$855 ,"$76,607,587",0.46%,"$3,724 ",,
Upshur,230,ATL,Atlanta,583 ,0.22%,0.01 ,"47,255",0.18%,1.07 ,"44,174",0.14%,"1,106,999.917",0.18%,25.060 ,331.334,0.41%,0.008 ,788.842,0.39%,0.018 ,"$23,065,802",0.19%,$522 ,"$2,094,613",0.35%,$47 ,"$7,947,058",0.20%,$180 ,"$33,107,473",0.20%,$749 ,,
Upton,231,ODA,Odessa,"1,241 ",0.48%,0.38 ,"5,088",0.02%,1.54 ,"3,296",0.01%,"344,637.279",0.06%,104.562 ,189.914,0.23%,0.058 ,392.294,0.19%,0.119 ,"$46,895,650",0.39%,"$14,228 ","$582,894",0.10%,$177 ,"$557,632",0.01%,$169 ,"$48,036,177",0.29%,"$14,574 ",,
Uvalde,232,SAT,San Antonio,"1,552 ",0.59%,0.06 ,"27,804",0.10%,1.14 ,"24,344",0.08%,"670,524.812",0.11%,27.544 ,343.490,0.42%,0.014 ,765.580,0.38%,0.031 ,"$5,796,220",0.05%,$238 ,"$2,314,770",0.38%,$95 ,"$2,151,060",0.05%,$88 ,"$10,262,050",0.06%,$422 ,,
Val Verde,233,LRD,Laredo,"3,145 ",1.20%,0.07 ,"49,325",0.18%,1.02 ,"48,163",0.15%,"612,258.867",0.10%,12.712 ,324.242,0.40%,0.007 ,747.485,0.37%,0.016 ,"$12,704,442",0.11%,$264 ,"$2,340,838",0.39%,$49 ,"$3,008,807",0.07%,$62 ,"$18,054,086",0.11%,$375 ,,
Van Zandt,234,TYL,Tyler,843 ,0.32%,0.01 ,"70,984",0.26%,1.08 ,"65,449",0.21%,"2,670,613.519",0.43%,40.804 ,519.466,0.64%,0.008 ,"1,173.716",0.58%,0.018 ,"$19,957,844",0.17%,$305 ,"$5,988,720",0.99%,$92 ,"$34,513,192",0.86%,$527 ,"$60,459,756",0.36%,$924 ,,
Victoria,235,YKM,Yoakum,882 ,0.34%,0.01 ,"92,607",0.34%,1.02 ,"90,845",0.29%,"2,364,206.426",0.38%,26.025 ,324.194,0.40%,0.004 ,932.164,0.46%,0.010 ,"$39,465,000",0.33%,$434 ,"$2,635,150",0.44%,$29 ,"$37,188,477",0.93%,$409 ,"$79,288,627",0.47%,$873 ,,
Walker,236,BRY,Bryan,784 ,0.30%,0.01 ,"62,942",0.23%,0.78 ,"80,914",0.26%,"3,207,038.973",0.51%,39.635 ,346.418,0.43%,0.004 ,838.317,0.42%,0.010 ,"$38,583,353",0.32%,$477 ,"$3,133,841",0.52%,$39 ,"$8,518,738",0.21%,$105 ,"$50,235,933",0.30%,$621 ,,
Waller,237,HOU,Houston,513 ,0.20%,0.01 ,"69,599",0.26%,1.05 ,"65,997",0.21%,"2,649,842.660",0.42%,40.151 ,238.008,0.29%,0.004 ,607.473,0.30%,0.009 ,"$24,373,483",0.20%,$369 ,"$2,096,537",0.35%,$32 ,"$8,550,550",0.21%,$130 ,"$35,020,570",0.21%,$531 ,,
Ward,238,ODA,Odessa,836 ,0.32%,0.07 ,"17,184",0.06%,1.46 ,"11,762",0.04%,"1,377,851.755",0.22%,117.144 ,278.585,0.34%,0.024 ,669.732,0.33%,0.057 ,"$6,067,812",0.05%,$516 ,"$1,135,671",0.19%,$97 ,"$10,223,730",0.25%,$869 ,"$17,427,213",0.10%,"$1,482 ",,
Washington,239,BRY,Bryan,604 ,0.23%,0.02 ,"47,865",0.18%,1.26 ,"38,024",0.12%,"1,610,837.569",0.26%,42.364 ,276.002,0.34%,0.007 ,659.656,0.33%,0.017 ,"$36,552,849",0.30%,$961 ,"$3,301,378",0.55%,$87 ,"$11,048,675",0.27%,$291 ,"$50,902,903",0.30%,"$1,339 ",,
Webb,240,LRD,Laredo,"3,361 ",1.29%,0.01 ,"237,491",0.88%,0.86 ,"277,406",0.88%,"4,079,258.727",0.65%,14.705 ,456.020,0.56%,0.002 ,"1,219.805",0.61%,0.004 ,"$239,742,352",1.98%,$864 ,"$2,811,048",0.46%,$10 ,"$50,117,063",1.25%,$181 ,"$292,670,463",1.75%,"$1,055 ",,
Wharton,241,YKM,Yoakum,"1,086 ",0.42%,0.03 ,"51,254",0.19%,1.22 ,"42,154",0.13%,"1,861,265.568",0.30%,44.154 ,402.325,0.50%,0.010 ,925.384,0.46%,0.022 ,"$111,181,891",0.92%,"$2,638 ","$3,136,070",0.52%,$74 ,"$13,369,260",0.33%,$317 ,"$127,687,221",0.76%,"$3,029 ",,
Wheeler,242,CHS,Childress,915 ,0.35%,0.19 ,"6,457",0.02%,1.31 ,"4,936",0.02%,"572,589.884",0.09%,116.003 ,298.198,0.37%,0.060 ,713.161,0.35%,0.144 ,"$6,132,755",0.05%,"$1,242 ","$1,740,855",0.29%,$353 ,"$8,728,387",0.22%,"$1,768 ","$16,601,997",0.10%,"$3,363 ",,
Wichita,243,WFS,Wichita Falls,628 ,0.24%,0.00 ,"113,470",0.42%,0.88 ,"128,927",0.41%,"2,348,808.630",0.38%,18.218 ,434.425,0.54%,0.003 ,"1,134.082",0.56%,0.009 ,"$13,694,254",0.11%,$106 ,"$3,856,997",0.64%,$30 ,"$34,291,350",0.85%,$266 ,"$51,842,601",0.31%,$402 ,,
Wilbarger,244,WFS,Wichita Falls,971 ,0.37%,0.08 ,"12,845",0.05%,1.02 ,"12,566",0.04%,"694,823.672",0.11%,55.294 ,310.405,0.38%,0.025 ,728.025,0.36%,0.058 ,"$7,459,311",0.06%,$594 ,"$3,175,291",0.52%,$253 ,"$4,301,797",0.11%,$342 ,"$14,936,400",0.09%,"$1,189 ",,
Willacy,245,PHR,Pharr,591 ,0.23%,0.03 ,"16,547",0.06%,0.81 ,"20,510",0.06%,"617,052.622",0.10%,30.085 ,251.365,0.31%,0.012 ,539.902,0.27%,0.026 ,"$9,971,462",0.08%,$486 ,"$1,957,851",0.32%,$95 ,"$9,097,172",0.23%,$444 ,"$21,026,486",0.13%,"$1,025 ",,
Williamson,246,AUS,Austin,"1,116 ",0.43%,0.00 ,"574,108",2.13%,0.78 ,"737,942",2.34%,"11,231,855.004",1.80%,15.221 ,572.296,0.70%,0.001 ,"1,724.755",0.86%,0.002 ,"$74,505,606",0.62%,$101 ,"$4,532,334",0.75%,$6 ,"$24,573,052",0.61%,$33 ,"$103,610,993",0.62%,$140 ,,
Wilson,247,SAT,San Antonio,804 ,0.31%,0.01 ,"69,539",0.26%,1.23 ,"56,383",0.18%,"1,369,237.958",0.22%,24.285 ,331.328,0.41%,0.006 ,741.362,0.37%,0.013 ,"$7,050,377",0.06%,$125 ,"$2,225,412",0.37%,$39 ,"$12,443,399",0.31%,$221 ,"$21,719,188",0.13%,$385 ,,
Winkler,248,ODA,Odessa,841 ,0.32%,0.11 ,"11,569",0.04%,1.50 ,"7,731",0.02%,"616,404.944",0.10%,79.732 ,135.065,0.17%,0.017 ,292.460,0.15%,0.038 ,"$16,246,764",0.13%,"$2,102 ","$1,028,515",0.17%,$133 ,"$16,508,419",0.41%,"$2,135 ","$33,783,697",0.20%,"$4,370 ",,
Wise,249,FTW,Fort Worth,904 ,0.35%,0.01 ,"106,245",0.39%,1.40 ,"75,954",0.24%,"2,962,665.627",0.47%,39.006 ,383.578,0.47%,0.005 ,914.415,0.45%,0.012 ,"$34,677,740",0.29%,$457 ,"$1,958,519",0.32%,$26 ,"$14,707,340",0.37%,$194 ,"$51,343,599",0.31%,$676 ,,
Wood,250,TYL,Tyler,645 ,0.25%,0.01 ,"59,970",0.22%,1.25 ,"47,953",0.15%,"987,140.988",0.16%,20.586 ,417.853,0.51%,0.009 ,910.089,0.45%,0.019 ,"$21,646,010",0.18%,$451 ,"$4,355,244",0.72%,$91 ,"$6,192,517",0.15%,$129 ,"$32,193,772",0.19%,$671 ,,
Yoakum,251,LBB,Lubbock,800 ,0.31%,0.11 ,"11,674",0.04%,1.55 ,"7,519",0.02%,"295,774.323",0.05%,39.337 ,207.838,0.26%,0.028 ,430.738,0.21%,0.057 ,"$4,136,188",0.03%,$550 ,"$1,130,631",0.19%,$150 ,"$545,334",0.01%,$73 ,"$5,812,153",0.03%,$773 ,,
Young,252,WFS,Wichita Falls,915 ,0.35%,0.05 ,"24,343",0.09%,1.35 ,"18,024",0.06%,"404,347.880",0.06%,22.434 ,343.106,0.42%,0.019 ,702.311,0.35%,0.039 ,"$9,433,024",0.08%,$523 ,"$3,131,105",0.52%,$174 ,"$14,166,430",0.35%,$786 ,"$26,730,559",0.16%,"$1,483 ",,
Zapata,253,PHR,Pharr,998 ,0.38%,0.07 ,"12,544",0.05%,0.90 ,"13,963",0.04%,"291,478.043",0.05%,20.875 ,119.287,0.15%,0.009 ,289.152,0.14%,0.021 ,"$10,489,017",0.09%,$751 ,"$263,334",0.04%,$19 ,"$874,352",0.02%,$63 ,"$11,626,703",0.07%,$833 ,,
Zavala,254,LRD,Laredo,"1,297 ",0.50%,0.14 ,"9,322",0.03%,0.98 ,"9,546",0.03%,"528,128.536",0.08%,55.325 ,264.793,0.33%,0.028 ,541.448,0.27%,0.057 ,"$1,894,007",0.02%,$198 ,"$2,100,164",0.35%,$220 ,"$2,663,015",0.07%,$279 ,"$6,657,186",0.04%,$697 ,,
Statewide Total,,,,"261,270",100.00%,0.01 ,"26,959,135",100.00%,0.85 ,"31,572,300",100.00%,"624,233,072.348",100.00%,19.772 ,"81,179.983",100.00%,0.003 ,"201,299.174 ",100.00%,0.006 ,"$12,087,987,759",100.00%,$383 ,"$605,526,929",100.00%,$19 ,"$4,018,356,565",100.00%,$127 ,"$16,711,871,252",100.00%,$529 ,,
"*Certified Data provided for On-System Daily Vehicle Miles, Centerline Miles and Lane Miles is based on Calendar year 2024. These mileage statistics are On-System only (under the jurisdiction of TxDOT).",,,,,,,,,,,,,,,,,,,,,,,,,,,,,,,,,,
** Certified Data provided by the Texas Demographic Center is based on Calendar year 2024.,,,,,,,,,,,,,,,,,,,,,,,,,,,,,,,,,,
,,,,,,,,,,,,,,,,,,,,,,,,,,,,,,,,,,
,,,,,,,,,,,,,,,,,,,,,,,,,,,,,,,,,,
,,,,,,,,,,,,,,,,,,,,,,,,,,,,,,,,,,
,,,,,,,,,,,,,,,,,,,,,,,,,,,,,,,,,,
,,,,,,,,,,,,,,,,,,,,,,,,,,,,,,,,,,
,,,,,,,,,,,,,,,,,,,,,,,,,,,,,,,,,,
,,,,,,,,,,,,,,,,,,,,,,,,,,,,,,,,,,
,,,,,,,,,,,,,,,,,,,,,,,,,,,,,,,,,,
